LPM,AREA,POINT_ID,EASTING-X,NORTHING-Y,LATITUDE,LONGITUDE,DESCRIPTION
6,2.007,1,316700.65,1617594.2,14.625512,79.298154,"WaterBody,Vagu/Vanka/Yeru"
6,2.007,2,316746.29,1617592.96,14.625504,79.298578,"WaterBody,Vagu/Vanka/Yeru"
6,2.007,3,316734.3,1617521.95,14.624862,79.298471,"WaterBody,Vagu/Vanka/Yeru"
6,2.007,4,316697.97,1617464.48,14.62434,79.298138,"WaterBody,Vagu/Vanka/Yeru"
6,2.007,5,316699.89,1617415.44,14.623897,79.29816,"WaterBody,Vagu/Vanka/Yeru"
6,2.007,6,316669.93,1617414.7,14.623888,79.297881,"WaterBody,Vagu/Vanka/Yeru"
6,2.007,7,316651.6,1617420.1,14.623936,79.297711,"WaterBody,Vagu/Vanka/Yeru"
7,4.423,1,316673.8,1617379.49,14.62357,79.29792,"WaterBody,Vagu/Vanka/Yeru"
7,4.423,2,316669.93,1617414.7,14.623888,79.297881,"WaterBody,Vagu/Vanka/Yeru"
7,4.423,3,316699.89,1617415.44,14.623897,79.29816,"WaterBody,Vagu/Vanka/Yeru"
7,4.423,4,316758.67,1617387.06,14.623644,79.298707,"WaterBody,Vagu/Vanka/Yeru"
7,4.423,5,316787.52,1617305.17,14.622906,79.29898,"WaterBody,Vagu/Vanka/Yeru"
7,4.423,6,316746.39,1617244.62,14.622356,79.298603,"WaterBody,Vagu/Vanka/Yeru"
7,4.423,7,316729.2,1617204.67,14.621994,79.298446,"WaterBody,Vagu/Vanka/Yeru"
7,4.423,8,316666.52,1617201.61,14.621962,79.297865,"WaterBody,Vagu/Vanka/Yeru"
7,4.423,9,316648.02,1617202.14,14.621966,79.297693,"WaterBody,Vagu/Vanka/Yeru"
7,4.423,10,316649.55,1617226.07,14.622182,79.297705,"WaterBody,Vagu/Vanka/Yeru"
7,4.423,11,316650.95,1617248.11,14.622381,79.297717,"WaterBody,Vagu/Vanka/Yeru"
7,4.423,12,316653.78,1617292.46,14.622782,79.29774,"WaterBody,Vagu/Vanka/Yeru"
7,4.423,13,316683.25,1617296.47,14.622821,79.298013,"WaterBody,Vagu/Vanka/Yeru"
7,4.423,14,316700.68,1617298.85,14.622843,79.298175,"WaterBody,Vagu/Vanka/Yeru"
7,4.423,15,316709.8,1617354.04,14.623343,79.298256,"WaterBody,Vagu/Vanka/Yeru"
46,2.639,1,316666.52,1617201.61,14.621962,79.297865,"WaterBody,Vagu/Vanka/Yeru"
46,2.639,2,316729.2,1617204.67,14.621994,79.298446,"WaterBody,Vagu/Vanka/Yeru"
46,2.639,3,316715.6,1617117.41,14.621204,79.298326,"WaterBody,Vagu/Vanka/Yeru"
46,2.639,4,316706.65,1617026.29,14.62038,79.298249,"WaterBody,Vagu/Vanka/Yeru"
46,2.639,5,316689.51,1616974.13,14.619908,79.298094,"WaterBody,Vagu/Vanka/Yeru"
46,2.639,6,316680.88,1616923.98,14.619454,79.298017,"WaterBody,Vagu/Vanka/Yeru"
46,2.639,7,316633.88,1616953.53,14.619718,79.297579,"WaterBody,Vagu/Vanka/Yeru"
46,2.639,8,316654.51,1616973.13,14.619896,79.297769,"WaterBody,Vagu/Vanka/Yeru"
46,2.639,9,316667.79,1617000.53,14.620145,79.29789,"WaterBody,Vagu/Vanka/Yeru"
46,2.639,10,316674.29,1617013.94,14.620267,79.29795,"WaterBody,Vagu/Vanka/Yeru"
46,2.639,11,316677.85,1617032.93,14.620438,79.297982,"WaterBody,Vagu/Vanka/Yeru"
46,2.639,12,316683.1,1617060.86,14.620691,79.298028,"WaterBody,Vagu/Vanka/Yeru"
46,2.639,13,316668.18,1617154.12,14.621533,79.297883,"WaterBody,Vagu/Vanka/Yeru"
46,2.639,14,316669.03,1617170.88,14.621685,79.29789,"WaterBody,Vagu/Vanka/Yeru"
46,2.639,15,316670.21,1617194.22,14.621896,79.297899,"WaterBody,Vagu/Vanka/Yeru"
108,1.183,1,316633.88,1616953.53,14.619718,79.297579,"WaterBody,Vagu/Vanka/Yeru"
108,1.183,2,316680.88,1616923.98,14.619454,79.298017,"WaterBody,Vagu/Vanka/Yeru"
108,1.183,3,316727.29,1616897.18,14.619215,79.29845,"WaterBody,Vagu/Vanka/Yeru"
108,1.183,4,316729.85,1616844.57,14.61874,79.298477,"WaterBody,Vagu/Vanka/Yeru"
108,1.183,5,316701.81,1616832.48,14.618628,79.298218,"WaterBody,Vagu/Vanka/Yeru"
108,1.183,6,316702.31,1616861.64,14.618892,79.29822,"WaterBody,Vagu/Vanka/Yeru"
108,1.183,7,316669.81,1616887.35,14.619122,79.297917,"WaterBody,Vagu/Vanka/Yeru"
108,1.183,8,316651.83,1616901.56,14.619249,79.297749,"WaterBody,Vagu/Vanka/Yeru"
108,1.183,9,316625.68,1616930.97,14.619513,79.297505,"WaterBody,Vagu/Vanka/Yeru"
283,0.592,1,316720.47,1616475.44,14.615403,79.298416,"Road,Puntha/Bandi Jada/Kalibata"
283,0.592,2,316717.18,1616490.04,14.615535,79.298384,"Road,Puntha/Bandi Jada/Kalibata"
283,0.592,3,316739.76,1616525.65,14.615858,79.298592,"Road,Puntha/Bandi Jada/Kalibata"
283,0.592,4,316763.31,1616550.39,14.616083,79.298808,"Road,Puntha/Bandi Jada/Kalibata"
283,0.592,5,316784.25,1616551.11,14.616091,79.299003,"Road,Puntha/Bandi Jada/Kalibata"
283,0.592,6,316824.99,1616552.52,14.616107,79.299381,"Road,Puntha/Bandi Jada/Kalibata"
283,0.592,7,316869.58,1616567.87,14.616248,79.299793,"Road,Puntha/Bandi Jada/Kalibata"
283,0.592,8,316867.57,1616539.18,14.615989,79.299777,"Road,Puntha/Bandi Jada/Kalibata"
283,0.592,9,316837.8,1616539.08,14.615986,79.299501,"Road,Puntha/Bandi Jada/Kalibata"
283,0.592,10,316769.78,1616538.88,14.61598,79.298869,"Road,Puntha/Bandi Jada/Kalibata"
283,0.592,12,316751.55,1616528.2,14.615882,79.298701,"Road,Puntha/Bandi Jada/Kalibata"
314,1.227,1,316791.93,1616269.12,14.613543,79.299094,"WaterBody,Vagu/Vanka/Yeru"
314,1.227,2,316821.91,1616269.33,14.613547,79.299372,"WaterBody,Vagu/Vanka/Yeru"
314,1.227,3,316877.58,1616250.2,14.613378,79.29989,"WaterBody,Vagu/Vanka/Yeru"
314,1.227,4,316912.87,1616267.69,14.613538,79.300216,"WaterBody,Vagu/Vanka/Yeru"
314,1.227,6,316912.15,1616274.09,14.613596,79.300209,"WaterBody,Vagu/Vanka/Yeru"
314,1.227,7,316941.34,1616283.35,14.613682,79.300479,"WaterBody,Vagu/Vanka/Yeru"
314,1.227,8,316957.37,1616321.93,14.614032,79.300625,"WaterBody,Vagu/Vanka/Yeru"
314,1.227,9,317020.41,1616309.62,14.613925,79.301211,"WaterBody,Vagu/Vanka/Yeru"
314,1.227,10,317020.83,1616283.89,14.613692,79.301217,"WaterBody,Vagu/Vanka/Yeru"
314,1.227,11,316983.04,1616297.57,14.613813,79.300865,"WaterBody,Vagu/Vanka/Yeru"
314,1.227,12,316944.1,1616259.75,14.613469,79.300506,"WaterBody,Vagu/Vanka/Yeru"
314,1.227,13,316886.94,1616236.33,14.613253,79.299978,"WaterBody,Vagu/Vanka/Yeru"
314,1.227,14,316833.97,1616246.78,14.613344,79.299485,"WaterBody,Vagu/Vanka/Yeru"
314,1.227,15,316822.47,1616257.81,14.613443,79.299378,"WaterBody,Vagu/Vanka/Yeru"
314,1.227,16,316807.27,1616259.35,14.613456,79.299237,"WaterBody,Vagu/Vanka/Yeru"
314,1.227,17,316787.52,1616250.2,14.613372,79.299054,"WaterBody,Vagu/Vanka/Yeru"
339,0.679,1,316787.52,1616250.2,14.613372,79.299054,"WaterBody,Vagu/Vanka/Yeru"
339,0.679,2,316764.36,1616215.79,14.613059,79.298841,"WaterBody,Vagu/Vanka/Yeru"
339,0.679,4,316769.99,1616175.97,14.6127,79.298896,"WaterBody,Vagu/Vanka/Yeru"
339,0.679,5,316733.66,1616164.03,14.61259,79.29856,"WaterBody,Vagu/Vanka/Yeru"
339,0.679,6,316699.02,1616133.23,14.612309,79.298241,"WaterBody,Vagu/Vanka/Yeru"
339,0.679,7,316696.82,1616131.25,14.612291,79.29822,"WaterBody,Vagu/Vanka/Yeru"
339,0.679,8,316684.55,1616140.02,14.612369,79.298106,"WaterBody,Vagu/Vanka/Yeru"
339,0.679,9,316724.62,1616174.42,14.612683,79.298475,"WaterBody,Vagu/Vanka/Yeru"
339,0.679,10,316736.29,1616177.24,14.612709,79.298583,"WaterBody,Vagu/Vanka/Yeru"
339,0.679,11,316743.06,1616201.3,14.612927,79.298645,"WaterBody,Vagu/Vanka/Yeru"
339,0.679,12,316759.19,1616237.61,14.613256,79.298792,"WaterBody,Vagu/Vanka/Yeru"
339,0.679,13,316791.93,1616269.12,14.613543,79.299094,"WaterBody,Vagu/Vanka/Yeru"
331,0.394,1,316502.4,1615966.45,14.610788,79.296427,"Road,National Highways"
331,0.394,2,316519.73,1615955.4,14.61069,79.296589,"Road,National Highways"
331,0.394,3,316441.63,1615942.03,14.610563,79.295865,"Road,National Highways"
331,0.394,4,316451.8,1615980.53,14.610912,79.295957,"Road,National Highways"
370,0.714,1,316276.78,1616180.13,14.612704,79.294319,"Road,Puntha/Bandi Jada/Kalibata"
370,0.714,2,316282.66,1616161.79,14.612539,79.294374,"Road,Puntha/Bandi Jada/Kalibata"
370,0.714,3,316228.26,1616102.66,14.612001,79.293874,"Road,Puntha/Bandi Jada/Kalibata"
370,0.714,4,316212.01,1616085,14.61184,79.293724,"Road,Puntha/Bandi Jada/Kalibata"
370,0.714,5,316202.89,1616075.08,14.61175,79.29364,"Road,Puntha/Bandi Jada/Kalibata"
370,0.714,6,316169.98,1616039.46,14.611425,79.293337,"Road,Puntha/Bandi Jada/Kalibata"
370,0.714,7,316146.64,1616036.61,14.611398,79.293121,"Road,Puntha/Bandi Jada/Kalibata"
255,0.215,1,316073.29,1615903.93,14.610194,79.292449,"Road,Puntha/Bandi Jada/Kalibata"
255,0.215,2,316084.99,1615896.19,14.610125,79.292558,"Road,Puntha/Bandi Jada/Kalibata"
255,0.215,3,316098.81,1615861.04,14.609808,79.292689,"Road,Puntha/Bandi Jada/Kalibata"
255,0.215,4,316066.04,1615859.89,14.609796,79.292385,"Road,Puntha/Bandi Jada/Kalibata"
402,10.991,1,315267.32,1616030.08,14.611279,79.28496,Grazing Ground/Topu/Mandabailu etc.
402,10.991,2,315155.62,1616109.55,14.61199,79.283918,Grazing Ground/Topu/Mandabailu etc.
402,10.991,3,314923.1,1616151.26,14.612351,79.281757,Grazing Ground/Topu/Mandabailu etc.
402,10.991,4,315127.18,1616283.25,14.613558,79.283642,Grazing Ground/Topu/Mandabailu etc.
402,10.991,5,315180.36,1616277.39,14.613508,79.284136,Grazing Ground/Topu/Mandabailu etc.
402,10.991,6,315259.85,1616281,14.613546,79.284873,Grazing Ground/Topu/Mandabailu etc.
418,1.746,1,315794.49,1615171.39,14.603555,79.289913,"Road,Puntha/Bandi Jada/Kalibata"
418,1.746,2,315791.07,1615259.96,14.604355,79.289875,"Road,Puntha/Bandi Jada/Kalibata"
418,1.746,3,315781.23,1615317.04,14.60487,79.28978,"Road,Puntha/Bandi Jada/Kalibata"
418,1.746,4,315861.99,1615343,14.60511,79.290527,"Road,Puntha/Bandi Jada/Kalibata"
418,1.746,5,315812.91,1615178.21,14.603618,79.290083,"Road,Puntha/Bandi Jada/Kalibata"
392,6.873,1,316014.4,1615635.9,14.607768,79.291921,"Road,Puntha/Bandi Jada/Kalibata"
392,6.873,2,316051.48,1615638.98,14.607798,79.292265,"Road,Puntha/Bandi Jada/Kalibata"
392,6.873,3,316019.8,1615564.86,14.607126,79.291977,"Road,Puntha/Bandi Jada/Kalibata"
392,6.873,4,315946.53,1615367.86,14.605341,79.29131,"Road,Puntha/Bandi Jada/Kalibata"
392,6.873,5,315861.99,1615343,14.60511,79.290527,"Road,Puntha/Bandi Jada/Kalibata"
392,6.873,6,315781.23,1615317.04,14.60487,79.28978,"Road,Puntha/Bandi Jada/Kalibata"
392,6.873,7,315840.45,1615484.76,14.60639,79.290318,"Road,Puntha/Bandi Jada/Kalibata"
392,6.873,8,315868.06,1615451.36,14.60609,79.290576,"Road,Puntha/Bandi Jada/Kalibata"
392,6.873,9,315926.19,1615495.91,14.606497,79.291113,"Road,Puntha/Bandi Jada/Kalibata"
375,0.565,1,316252.3,1615766.41,14.608963,79.29412,"WaterBody,Vagu/Vanka/Yeru"
375,0.565,2,316287.86,1615740.65,14.608733,79.294452,"WaterBody,Vagu/Vanka/Yeru"
375,0.565,3,316164.15,1615731.42,14.608641,79.293305,"WaterBody,Vagu/Vanka/Yeru"
375,0.565,4,316155.55,1615731.19,14.608638,79.293225,"WaterBody,Vagu/Vanka/Yeru"
375,0.565,5,316207.82,1615758.26,14.608887,79.293708,"WaterBody,Vagu/Vanka/Yeru"
421,3.162,1,316177.32,1615650.81,14.607914,79.293432,"WaterBody,Vagu/Vanka/Yeru"
421,3.162,2,316197.21,1615647.86,14.607888,79.293617,"WaterBody,Vagu/Vanka/Yeru"
421,3.162,3,316175.09,1615481.53,14.606384,79.293423,"WaterBody,Vagu/Vanka/Yeru"
421,3.162,4,316172.18,1615481.09,14.606379,79.293397,"WaterBody,Vagu/Vanka/Yeru"
421,3.162,5,316194.8,1615369.02,14.605368,79.293614,"WaterBody,Vagu/Vanka/Yeru"
421,3.162,6,316133.16,1615349.41,14.605187,79.293044,"WaterBody,Vagu/Vanka/Yeru"
421,3.162,7,316095.69,1615327.71,14.604988,79.292697,"WaterBody,Vagu/Vanka/Yeru"
421,3.162,8,316145.07,1615384.69,14.605506,79.293152,"WaterBody,Vagu/Vanka/Yeru"
421,3.162,9,316122.45,1615556.57,14.607058,79.29293,"WaterBody,Vagu/Vanka/Yeru"
421,3.162,10,316165.9,1615591.76,14.607379,79.293331,"WaterBody,Vagu/Vanka/Yeru"
400,46.979,1,315411.28,1616254.73,14.613319,79.286281,"WaterBody,Tank/Cheruvu/Kunta"
400,46.979,3,315491.79,1616353.36,14.614216,79.287021,"WaterBody,Tank/Cheruvu/Kunta"
400,46.979,4,315612.85,1616326.63,14.613983,79.288146,"WaterBody,Tank/Cheruvu/Kunta"
400,46.979,5,315675.46,1616303.92,14.613782,79.288729,"WaterBody,Tank/Cheruvu/Kunta"
400,46.979,6,315698.92,1616276.17,14.613533,79.288949,"WaterBody,Tank/Cheruvu/Kunta"
400,46.979,7,315725.19,1616245.98,14.613262,79.289195,"WaterBody,Tank/Cheruvu/Kunta"
400,46.979,8,315738.46,1616232.64,14.613142,79.289319,"WaterBody,Tank/Cheruvu/Kunta"
400,46.979,9,315750.73,1616216.83,14.613,79.289434,"WaterBody,Tank/Cheruvu/Kunta"
400,46.979,10,315762.72,1616202.86,14.612875,79.289546,"WaterBody,Tank/Cheruvu/Kunta"
400,46.979,11,315767,1616197.91,14.61283,79.289586,"WaterBody,Tank/Cheruvu/Kunta"
400,46.979,12,315784.16,1616172.2,14.612599,79.289747,"WaterBody,Tank/Cheruvu/Kunta"
400,46.979,13,315822.02,1616115.47,14.612089,79.290102,"WaterBody,Tank/Cheruvu/Kunta"
400,46.979,14,315858.23,1616043.62,14.611442,79.290444,"WaterBody,Tank/Cheruvu/Kunta"
400,46.979,15,315883.86,1616042.27,14.611431,79.290682,"WaterBody,Tank/Cheruvu/Kunta"
400,46.979,16,315902.72,1615939.03,14.6105,79.290864,"WaterBody,Tank/Cheruvu/Kunta"
400,46.979,17,315918.03,1615855.27,14.609744,79.291012,"WaterBody,Tank/Cheruvu/Kunta"
400,46.979,18,315912.89,1615823.23,14.609454,79.290966,"WaterBody,Tank/Cheruvu/Kunta"
400,46.979,19,315906.15,1615781.16,14.609073,79.290907,"WaterBody,Tank/Cheruvu/Kunta"
400,46.979,20,315887.32,1615663.61,14.60801,79.29074,"WaterBody,Tank/Cheruvu/Kunta"
400,46.979,21,315746.38,1615732.88,14.608626,79.289427,"WaterBody,Tank/Cheruvu/Kunta"
400,46.979,22,315764.26,1615804.6,14.609275,79.289588,"WaterBody,Tank/Cheruvu/Kunta"
400,46.979,23,315686.24,1615820.67,14.609415,79.288863,"WaterBody,Tank/Cheruvu/Kunta"
400,46.979,24,315534.13,1615932.32,14.610414,79.287443,"WaterBody,Tank/Cheruvu/Kunta"
400,46.979,25,315504.89,1616045.26,14.611433,79.287164,"WaterBody,Tank/Cheruvu/Kunta"
400,46.979,26,315415.07,1616140.42,14.612286,79.286324,"WaterBody,Tank/Cheruvu/Kunta"
400,46.979,27,315406.15,1616148.45,14.612358,79.286241,"WaterBody,Tank/Cheruvu/Kunta"
92,1.244,1,316305.67,1616999.71,14.620113,79.29453,"WaterBody,Vagu/Vanka/Yeru"
92,1.244,2,316313.67,1617011.89,14.620224,79.294603,"WaterBody,Vagu/Vanka/Yeru"
92,1.244,3,316317.09,1616963.81,14.619789,79.294638,"WaterBody,Vagu/Vanka/Yeru"
92,1.244,4,316322.21,1616941.34,14.619587,79.294687,"WaterBody,Vagu/Vanka/Yeru"
92,1.244,5,316373.71,1616930.54,14.619492,79.295166,"WaterBody,Vagu/Vanka/Yeru"
92,1.244,6,316385.37,1616918.88,14.619388,79.295275,"WaterBody,Vagu/Vanka/Yeru"
92,1.244,7,316392.48,1616903.51,14.619249,79.295342,"WaterBody,Vagu/Vanka/Yeru"
92,1.244,8,316408.84,1616906.78,14.61928,79.295494,"WaterBody,Vagu/Vanka/Yeru"
92,1.244,9,316428.79,1616895.59,14.61918,79.29568,"WaterBody,Vagu/Vanka/Yeru"
92,1.244,10,316434.8,1616880.66,14.619046,79.295736,"WaterBody,Vagu/Vanka/Yeru"
92,1.244,11,316472.58,1616851.59,14.618786,79.296089,"WaterBody,Vagu/Vanka/Yeru"
92,1.244,12,316454.34,1616832.03,14.618608,79.295921,"WaterBody,Vagu/Vanka/Yeru"
92,1.244,13,316408.19,1616839.51,14.618672,79.295492,"WaterBody,Vagu/Vanka/Yeru"
92,1.244,14,316403.46,1616878.98,14.619029,79.295446,"WaterBody,Vagu/Vanka/Yeru"
92,1.244,15,316376.31,1616903.93,14.619252,79.295192,"WaterBody,Vagu/Vanka/Yeru"
92,1.244,16,316373.56,1616915.25,14.619354,79.295166,"WaterBody,Vagu/Vanka/Yeru"
92,1.244,17,316342.96,1616921.8,14.619411,79.294881,"WaterBody,Vagu/Vanka/Yeru"
92,1.244,18,316324.61,1616925.73,14.619446,79.294711,"WaterBody,Vagu/Vanka/Yeru"
92,1.244,19,316311.26,1616934.62,14.619525,79.294586,"WaterBody,Vagu/Vanka/Yeru"
92,1.244,20,316306.71,1616987.64,14.620004,79.29454,"WaterBody,Vagu/Vanka/Yeru"
113,1.355,1,316454.34,1616832.03,14.618608,79.295921,"WaterBody,Vagu/Vanka/Yeru"
113,1.355,2,316472.58,1616851.59,14.618786,79.296089,"WaterBody,Vagu/Vanka/Yeru"
113,1.355,3,316515.81,1616870.9,14.618963,79.296489,"WaterBody,Vagu/Vanka/Yeru"
113,1.355,4,316553.89,1616870.22,14.61896,79.296842,"WaterBody,Vagu/Vanka/Yeru"
113,1.355,5,316574.17,1616844.51,14.618729,79.297032,"WaterBody,Vagu/Vanka/Yeru"
113,1.355,6,316643.71,1616833.5,14.618634,79.297679,"WaterBody,Vagu/Vanka/Yeru"
113,1.355,7,316670.22,1616829.39,14.618598,79.297925,"WaterBody,Vagu/Vanka/Yeru"
113,1.355,8,316683.97,1616827.26,14.61858,79.298053,"WaterBody,Vagu/Vanka/Yeru"
113,1.355,9,316701.81,1616832.48,14.618628,79.298218,"WaterBody,Vagu/Vanka/Yeru"
113,1.355,10,316698.9,1616801.8,14.618351,79.298193,"WaterBody,Vagu/Vanka/Yeru"
113,1.355,11,316645.81,1616813.42,14.618452,79.297699,"WaterBody,Vagu/Vanka/Yeru"
113,1.355,12,316625.36,1616810.29,14.618423,79.29751,"WaterBody,Vagu/Vanka/Yeru"
113,1.355,13,316582.64,1616827.05,14.618571,79.297112,"WaterBody,Vagu/Vanka/Yeru"
113,1.355,14,316524.52,1616849.85,14.618773,79.296571,"WaterBody,Vagu/Vanka/Yeru"
113,1.355,15,316480.24,1616828.42,14.618577,79.296162,"WaterBody,Vagu/Vanka/Yeru"
364,2.07,1,316441.63,1615942.03,14.610563,79.295865,"WaterBody,Tank/Cheruvu/Kunta"
364,2.07,2,316607,1615845.66,14.609704,79.297407,"WaterBody,Tank/Cheruvu/Kunta"
364,2.07,3,316510.82,1615851.51,14.60975,79.296514,"WaterBody,Tank/Cheruvu/Kunta"
364,2.07,4,316454,1615838.82,14.609631,79.295987,"WaterBody,Tank/Cheruvu/Kunta"
364,2.07,5,316426.63,1615870.91,14.60992,79.295731,"WaterBody,Tank/Cheruvu/Kunta"
403,10.517,1,314923.1,1616151.26,14.612351,79.281757,Grazing Ground/Topu/Mandabailu etc.
403,10.517,2,315155.62,1616109.55,14.61199,79.283918,Grazing Ground/Topu/Mandabailu etc.
403,10.517,3,315113.18,1615933.55,14.610396,79.283537,Grazing Ground/Topu/Mandabailu etc.
403,10.517,4,314896.19,1615958.86,14.61061,79.281521,Grazing Ground/Topu/Mandabailu etc.
404,5.81,1,315267.32,1616030.08,14.611279,79.28496,Grazing Ground/Topu/Mandabailu etc.
404,5.81,2,315273.53,1615878.34,14.609908,79.285029,Grazing Ground/Topu/Mandabailu etc.
404,5.81,3,315113.18,1615933.55,14.610396,79.283537,Grazing Ground/Topu/Mandabailu etc.
404,5.81,4,315155.62,1616109.55,14.61199,79.283918,Grazing Ground/Topu/Mandabailu etc.
459,2.828,1,315605.5,1615573.68,14.607178,79.288131,"WaterBody,Tank/Cheruvu/Kunta"
459,2.828,2,315549.58,1615551.82,14.606976,79.287613,"WaterBody,Tank/Cheruvu/Kunta"
459,2.828,3,315493.55,1615542.95,14.606892,79.287094,"WaterBody,Tank/Cheruvu/Kunta"
459,2.828,4,315453.1,1615561.26,14.607055,79.286717,"WaterBody,Tank/Cheruvu/Kunta"
459,2.828,5,315465.72,1615594.13,14.607353,79.286832,"WaterBody,Tank/Cheruvu/Kunta"
459,2.828,6,315496.07,1615624.34,14.607628,79.287112,"WaterBody,Tank/Cheruvu/Kunta"
459,2.828,7,315562.47,1615594.79,14.607365,79.28773,"WaterBody,Tank/Cheruvu/Kunta"
459,2.828,8,315633.12,1615661.85,14.607976,79.288381,"WaterBody,Tank/Cheruvu/Kunta"
459,2.828,9,315665.07,1615639.93,14.60778,79.288679,"WaterBody,Tank/Cheruvu/Kunta"
459,2.828,10,315654.57,1615600.53,14.607424,79.288584,"WaterBody,Tank/Cheruvu/Kunta"
459,2.828,11,315613.35,1615586.33,14.607292,79.288203,"WaterBody,Tank/Cheruvu/Kunta"
405,10.267,1,315113.18,1615933.55,14.610396,79.283537,Grazing Ground/Topu/Mandabailu etc.
405,10.267,2,315074.96,1615756.59,14.608794,79.283194,Grazing Ground/Topu/Mandabailu etc.
405,10.267,3,314874.61,1615738.64,14.608619,79.281336,Grazing Ground/Topu/Mandabailu etc.
405,10.267,4,314896.19,1615958.86,14.61061,79.281521,Grazing Ground/Topu/Mandabailu etc.
406,12.949,1,315421.97,1615823.63,14.609424,79.28641,Grazing Ground/Topu/Mandabailu etc.
406,12.949,2,315370.47,1615682.89,14.608149,79.285942,Grazing Ground/Topu/Mandabailu etc.
406,12.949,3,315074.96,1615756.59,14.608794,79.283194,Grazing Ground/Topu/Mandabailu etc.
406,12.949,4,315113.18,1615933.55,14.610396,79.283537,Grazing Ground/Topu/Mandabailu etc.
406,12.949,5,315273.53,1615878.34,14.609908,79.285029,Grazing Ground/Topu/Mandabailu etc.
460,5.427,1,315462.73,1615889.62,14.610023,79.286784,"WaterBody,Tank/Cheruvu/Kunta"
460,5.427,2,315497.81,1615937.54,14.610459,79.287106,"WaterBody,Tank/Cheruvu/Kunta"
460,5.427,3,315381.22,1615931.43,14.610395,79.286024,"WaterBody,Tank/Cheruvu/Kunta"
460,5.427,4,315371.57,1615976.25,14.6108,79.285932,"WaterBody,Tank/Cheruvu/Kunta"
460,5.427,5,315390.75,1616022.83,14.611222,79.286106,"WaterBody,Tank/Cheruvu/Kunta"
460,5.427,6,315405.07,1616063.84,14.611594,79.286236,"WaterBody,Tank/Cheruvu/Kunta"
460,5.427,7,315415.07,1616140.42,14.612286,79.286324,"WaterBody,Tank/Cheruvu/Kunta"
460,5.427,8,315504.89,1616045.26,14.611433,79.287164,"WaterBody,Tank/Cheruvu/Kunta"
460,5.427,9,315534.13,1615932.32,14.610414,79.287443,"WaterBody,Tank/Cheruvu/Kunta"
460,5.427,10,315517.83,1615897.07,14.610094,79.287295,"WaterBody,Tank/Cheruvu/Kunta"
407,10.998,1,315370.47,1615682.89,14.608149,79.285942,Grazing Ground/Topu/Mandabailu etc.
407,10.998,2,315297.47,1615562.47,14.607055,79.285273,Grazing Ground/Topu/Mandabailu etc.
407,10.998,3,315027.8,1615581.79,14.607211,79.282769,Grazing Ground/Topu/Mandabailu etc.
407,10.998,4,315074.96,1615756.59,14.608794,79.283194,Grazing Ground/Topu/Mandabailu etc.
408,11.638,1,315297.47,1615562.47,14.607055,79.285273,Grazing Ground/Topu/Mandabailu etc.
408,11.638,2,315260.92,1615385.16,14.60545,79.284946,Grazing Ground/Topu/Mandabailu etc.
408,11.638,3,315000.49,1615408.92,14.605647,79.282527,Grazing Ground/Topu/Mandabailu etc.
408,11.638,4,315027.8,1615581.79,14.607211,79.282769,Grazing Ground/Topu/Mandabailu etc.
133,1.933,1,316230.59,1616726.78,14.617641,79.293852,"WaterBody,Vagu/Vanka/Yeru"
133,1.933,2,316260.17,1616641.89,14.616876,79.294132,"WaterBody,Vagu/Vanka/Yeru"
133,1.933,3,316222.73,1616646.4,14.616914,79.293784,"WaterBody,Vagu/Vanka/Yeru"
133,1.933,4,316196.66,1616647.17,14.616919,79.293542,"WaterBody,Vagu/Vanka/Yeru"
133,1.933,5,316193.95,1616646.72,14.616915,79.293517,"WaterBody,Vagu/Vanka/Yeru"
133,1.933,6,316135.95,1616800.97,14.618305,79.292968,"WaterBody,Vagu/Vanka/Yeru"
133,1.933,7,316181.83,1616765.01,14.617983,79.293397,"WaterBody,Vagu/Vanka/Yeru"
132,2.113,1,316135.95,1616800.97,14.618305,79.292968,"WaterBody,Vagu/Vanka/Yeru"
132,2.113,2,316193.95,1616646.72,14.616915,79.293517,"WaterBody,Vagu/Vanka/Yeru"
132,2.113,3,316150.99,1616639.6,14.616848,79.293119,"WaterBody,Vagu/Vanka/Yeru"
132,2.113,4,316060.09,1616881.95,14.619032,79.292258,"WaterBody,Vagu/Vanka/Yeru"
132,2.113,5,316064.8,1616878.22,14.618999,79.292302,"WaterBody,Vagu/Vanka/Yeru"
132,2.113,6,316086.55,1616839.7,14.618652,79.292507,"WaterBody,Vagu/Vanka/Yeru"
57,1.488,1,316003.17,1617197.17,14.621877,79.291708,"Road,National Highways"
57,1.488,2,316006.46,1617186.81,14.621784,79.291739,"Road,National Highways"
57,1.488,3,316018.8,1617148,14.621434,79.291857,"Road,National Highways"
57,1.488,4,316021.5,1617137.55,14.621339,79.291882,"Road,National Highways"
57,1.488,5,316034.1,1617088.82,14.6209,79.292003,"Road,National Highways"
57,1.488,6,315992.64,1617078.99,14.620808,79.291619,"Road,National Highways"
57,1.488,7,315985.31,1617100.35,14.621001,79.291549,"Road,National Highways"
57,1.488,8,315982.24,1617109.27,14.621081,79.29152,"Road,National Highways"
57,1.488,9,315973.35,1617135.45,14.621317,79.291436,"Road,National Highways"
57,1.488,10,315960.45,1617175.12,14.621675,79.291313,"Road,National Highways"
57,1.488,11,315946,1617219.55,14.622075,79.291176,"Road,National Highways"
276,1.59,1,316240.65,1616345.34,14.614195,79.293972,"Road,National Highways"
276,1.59,2,316279.15,1616353.03,14.614267,79.294328,"Road,National Highways"
276,1.59,3,316283.69,1616339.55,14.614145,79.294372,"Road,National Highways"
276,1.59,4,316294.21,1616297.95,14.61377,79.294472,"Road,National Highways"
276,1.59,5,316300.53,1616269.26,14.613511,79.294533,"Road,National Highways"
276,1.59,6,316301.15,1616266.44,14.613486,79.294539,"Road,National Highways"
276,1.59,7,316304.62,1616250.68,14.613344,79.294572,"Road,National Highways"
276,1.59,8,316310.17,1616225.47,14.613116,79.294625,"Road,National Highways"
276,1.59,9,316312.87,1616213.86,14.613011,79.294651,"Road,National Highways"
276,1.59,10,316282.57,1616186.3,14.61276,79.294372,"Road,National Highways"
276,1.59,11,316276.78,1616180.13,14.612704,79.294319,"Road,National Highways"
276,1.59,12,316275.2,1616187.2,14.612768,79.294303,"Road,National Highways"
276,1.59,13,316274.67,1616189.01,14.612784,79.294298,"Road,National Highways"
276,1.59,14,316271.53,1616203.05,14.612911,79.294268,"Road,National Highways"
276,1.59,15,316270.29,1616208.59,14.612961,79.294256,"Road,National Highways"
276,1.59,16,316268.67,1616217.13,14.613038,79.294241,"Road,National Highways"
276,1.59,17,316265.81,1616232.15,14.613173,79.294213,"Road,National Highways"
276,1.59,18,316262.81,1616247.96,14.613316,79.294184,"Road,National Highways"
276,1.59,19,316261.17,1616256.6,14.613394,79.294168,"Road,National Highways"
276,1.59,20,316258.31,1616271.63,14.61353,79.294141,"Road,National Highways"
276,1.59,21,316257.78,1616273.16,14.613543,79.294136,"Road,National Highways"
276,1.59,22,316255.74,1616281.98,14.613623,79.294116,"Road,National Highways"
329,1.3,1,316326.83,1616069.51,14.611708,79.294791,"Road,National Highways"
329,1.3,2,316359.05,1616084.06,14.611841,79.295089,"Road,National Highways"
329,1.3,3,316366.26,1616072.85,14.611741,79.295157,"Road,National Highways"
329,1.3,4,316419.78,1616031.31,14.611369,79.295656,"Road,National Highways"
329,1.3,5,316465.88,1615983.8,14.610942,79.296087,"Road,National Highways"
329,1.3,6,316472.05,1615980.93,14.610917,79.296145,"Road,National Highways"
329,1.3,7,316502.4,1615966.45,14.610788,79.296427,"Road,National Highways"
329,1.3,8,316451.8,1615980.53,14.610912,79.295957,"Road,National Highways"
329,1.3,9,316396.84,1615992.03,14.611012,79.295446,"Road,National Highways"
329,1.3,10,316329.4,1616065.2,14.611669,79.294815,"Road,National Highways"
330,0.276,1,316441.63,1615942.03,14.610563,79.295865,"Road,National Highways"
330,0.276,2,316396.84,1615992.03,14.611012,79.295446,"Road,National Highways"
330,0.276,3,316451.8,1615980.53,14.610912,79.295957,"Road,National Highways"
338,0.933,1,316519.73,1615955.4,14.61069,79.296589,"WaterBody,Vagu/Vanka/Yeru"
338,0.933,2,316502.4,1615966.45,14.610788,79.296427,"WaterBody,Vagu/Vanka/Yeru"
338,0.933,3,316511.16,1616014.87,14.611226,79.296505,"WaterBody,Vagu/Vanka/Yeru"
338,0.933,4,316565.19,1616051.65,14.611562,79.297004,"WaterBody,Vagu/Vanka/Yeru"
338,0.933,5,316597.02,1616065.22,14.611687,79.297299,"WaterBody,Vagu/Vanka/Yeru"
338,0.933,6,316605.08,1616068.5,14.611717,79.297373,"WaterBody,Vagu/Vanka/Yeru"
338,0.933,7,316617.39,1616078.64,14.61181,79.297487,"WaterBody,Vagu/Vanka/Yeru"
338,0.933,8,316632.52,1616086.08,14.611878,79.297627,"WaterBody,Vagu/Vanka/Yeru"
338,0.933,9,316678.04,1616125.32,14.612236,79.298047,"WaterBody,Vagu/Vanka/Yeru"
338,0.933,10,316684.55,1616140.02,14.612369,79.298106,"WaterBody,Vagu/Vanka/Yeru"
338,0.933,11,316696.82,1616131.25,14.612291,79.29822,"WaterBody,Vagu/Vanka/Yeru"
338,0.933,12,316670.12,1616101.34,14.612019,79.297975,"WaterBody,Vagu/Vanka/Yeru"
338,0.933,13,316645.48,1616084.92,14.611869,79.297747,"WaterBody,Vagu/Vanka/Yeru"
338,0.933,14,316533,1616009.96,14.611184,79.296708,"WaterBody,Vagu/Vanka/Yeru"
362,0.292,1,316651.99,1615867.02,14.6099,79.297823,"Road,National Highways"
362,0.292,2,316730.23,1615823.1,14.609508,79.298552,"Road,National Highways"
362,0.292,3,316778.14,1615796.14,14.609268,79.298998,"Road,National Highways"
362,0.292,4,316723.4,1615813.24,14.609419,79.298489,"Road,National Highways"
362,0.292,5,316692.69,1615827.52,14.609546,79.298203,"Road,National Highways"
359,1.063,1,316859.28,1615751.21,14.608867,79.299755,"Road,National Highways"
359,1.063,2,316847.69,1615701.4,14.608416,79.299651,"Road,National Highways"
359,1.063,3,316781.57,1615734.84,14.608714,79.299035,"Road,National Highways"
359,1.063,4,316778.14,1615796.14,14.609268,79.298998,"Road,National Highways"
359,1.063,5,316790.25,1615790.68,14.609219,79.299111,"Road,National Highways"
326,0.182,1,316312.87,1616213.86,14.613011,79.294651,"Road,National Highways"
326,0.182,2,316313.19,1616194.08,14.612833,79.294656,"Road,National Highways"
326,0.182,3,316311.34,1616192.96,14.612822,79.294638,"Road,National Highways"
326,0.182,4,316282.66,1616161.79,14.612539,79.294374,"Road,National Highways"
326,0.182,5,316276.78,1616180.13,14.612704,79.294319,"Road,National Highways"
326,0.182,6,316282.57,1616186.3,14.61276,79.294372,"Road,National Highways"
28,2.103,1,316280.43,1617341.16,14.623197,79.294271,Gramakantam
28,2.103,2,316373.3,1617317.86,14.622993,79.295135,Gramakantam
28,2.103,3,316395.16,1617312.38,14.622945,79.295338,Gramakantam
28,2.103,4,316375.18,1617265.04,14.622516,79.295156,Gramakantam
28,2.103,5,316362.66,1617232.2,14.622218,79.295042,Gramakantam
28,2.103,6,316278.81,1617258.8,14.622453,79.294262,Gramakantam
165,0.761,1,316260.17,1616641.89,14.616876,79.294132,"Road,Puntha/Bandi Jada/Kalibata"
165,0.761,2,316305.4,1616642.79,14.616887,79.294552,"Road,Puntha/Bandi Jada/Kalibata"
165,0.761,4,316322.43,1616565.51,14.61619,79.294715,"Road,Puntha/Bandi Jada/Kalibata"
165,0.761,5,316343.98,1616526.19,14.615836,79.294918,"Road,Puntha/Bandi Jada/Kalibata"
165,0.761,6,316354.42,1616491.69,14.615525,79.295017,"Road,Puntha/Bandi Jada/Kalibata"
165,0.761,7,316387.76,1616454,14.615187,79.29533,"Road,Puntha/Bandi Jada/Kalibata"
165,0.761,8,316380.41,1616444.89,14.615104,79.295262,"Road,Puntha/Bandi Jada/Kalibata"
165,0.761,9,316358.6,1616469.43,14.615324,79.295058,"Road,Puntha/Bandi Jada/Kalibata"
165,0.761,10,316334.98,1616507.23,14.615664,79.294836,"Road,Puntha/Bandi Jada/Kalibata"
165,0.761,11,316331.53,1616516.81,14.61575,79.294803,"Road,Puntha/Bandi Jada/Kalibata"
165,0.761,12,316318.08,1616550.72,14.616056,79.294676,"Road,Puntha/Bandi Jada/Kalibata"
165,0.761,13,316288.06,1616626.36,14.616738,79.294392,"Road,Puntha/Bandi Jada/Kalibata"
165,0.761,14,316272.87,1616634.41,14.616809,79.294251,"Road,Puntha/Bandi Jada/Kalibata"
134,0.277,1,316190.16,1616782.87,14.618145,79.293473,"Road,Puntha/Bandi Jada/Kalibata"
134,0.277,2,316250.37,1616725.31,14.617629,79.294035,"Road,Puntha/Bandi Jada/Kalibata"
134,0.277,3,316230.59,1616726.78,14.617641,79.293852,"Road,Puntha/Bandi Jada/Kalibata"
134,0.277,4,316181.83,1616765.01,14.617983,79.293397,"Road,Puntha/Bandi Jada/Kalibata"
1,9.307,1,316626.64,1617854.13,14.627857,79.297449,Grazing Ground/Topu/Mandabailu etc.
1,9.307,2,316678.71,1617947.68,14.628706,79.297926,Grazing Ground/Topu/Mandabailu etc.
1,9.307,3,316732.24,1618051.17,14.629644,79.298415,Grazing Ground/Topu/Mandabailu etc.
1,9.307,4,316818.2,1618004.96,14.629233,79.299217,Grazing Ground/Topu/Mandabailu etc.
1,9.307,5,316836.19,1617855.41,14.627882,79.299394,Grazing Ground/Topu/Mandabailu etc.
1,9.307,6,316803.69,1617757.73,14.626997,79.299099,Grazing Ground/Topu/Mandabailu etc.
1,9.307,7,316765.95,1617697.28,14.626448,79.298753,Grazing Ground/Topu/Mandabailu etc.
1,9.307,8,316744.17,1617726.79,14.626714,79.298549,Grazing Ground/Topu/Mandabailu etc.
1,9.307,9,316738.68,1617763.52,14.627045,79.298495,Grazing Ground/Topu/Mandabailu etc.
1,9.307,10,316748.6,1617826.26,14.627613,79.298583,Grazing Ground/Topu/Mandabailu etc.
11,0.858,1,316549.25,1617411.4,14.62385,79.296762,Grazing Ground/Topu/Mandabailu etc.
11,0.858,3,316517.63,1617437.46,14.624084,79.296466,Grazing Ground/Topu/Mandabailu etc.
11,0.858,4,316490.93,1617459.84,14.624284,79.296217,Grazing Ground/Topu/Mandabailu etc.
11,0.858,5,316466.55,1617464.34,14.624323,79.29599,Grazing Ground/Topu/Mandabailu etc.
11,0.858,6,316436.41,1617469.92,14.624371,79.29571,Grazing Ground/Topu/Mandabailu etc.
11,0.858,7,316451.11,1617502.92,14.624671,79.295844,Grazing Ground/Topu/Mandabailu etc.
11,0.858,8,316488.43,1617489.21,14.624549,79.296192,Grazing Ground/Topu/Mandabailu etc.
11,0.858,9,316511.95,1617473.82,14.624412,79.296411,Grazing Ground/Topu/Mandabailu etc.
11,0.858,10,316554.32,1617436.81,14.62408,79.296807,Grazing Ground/Topu/Mandabailu etc.
11,0.858,11,316559.29,1617428.25,14.624003,79.296854,Grazing Ground/Topu/Mandabailu etc.
9,1.016,1,316549.25,1617411.4,14.62385,79.296762,"Road,GP (Grama Panchyat) Road"
9,1.016,2,316559.29,1617428.25,14.624003,79.296854,"Road,GP (Grama Panchyat) Road"
9,1.016,3,316565.9,1617439.35,14.624104,79.296914,"Road,GP (Grama Panchyat) Road"
9,1.016,4,316632.08,1617361.14,14.623402,79.297534,"Road,GP (Grama Panchyat) Road"
9,1.016,5,316655.14,1617332,14.62314,79.29775,"Road,GP (Grama Panchyat) Road"
9,1.016,6,316683.25,1617296.47,14.622821,79.298013,"Road,GP (Grama Panchyat) Road"
9,1.016,7,316653.78,1617292.46,14.622782,79.29774,"Road,GP (Grama Panchyat) Road"
9,1.016,8,316599.49,1617370.11,14.62348,79.297231,"Road,GP (Grama Panchyat) Road"
9,1.016,10,316573.38,1617391.16,14.623669,79.296987,"Road,GP (Grama Panchyat) Road"
425,1.139,1,315813.8,1616936.56,14.619509,79.289969,"WaterBody,Canal"
425,1.139,2,315882.73,1616903.02,14.61921,79.290611,"WaterBody,Canal"
425,1.139,3,315915.07,1616900.03,14.619185,79.290911,"WaterBody,Canal"
425,1.139,4,315942.63,1616897.57,14.619165,79.291167,"WaterBody,Canal"
425,1.139,5,316007.35,1616937.22,14.619528,79.291765,"WaterBody,Canal"
425,1.139,6,316013.33,1616951.68,14.619659,79.29182,"WaterBody,Canal"
425,1.139,7,316034.81,1616951.24,14.619656,79.292019,"WaterBody,Canal"
425,1.139,8,316040.71,1616935.14,14.619511,79.292075,"WaterBody,Canal"
425,1.139,9,316027.55,1616907.73,14.619263,79.291955,"WaterBody,Canal"
425,1.139,10,316013.73,1616926.74,14.619434,79.291825,"WaterBody,Canal"
425,1.139,11,315945.85,1616880.88,14.619015,79.291198,"WaterBody,Canal"
425,1.139,12,315885.62,1616885.84,14.619055,79.290639,"WaterBody,Canal"
425,1.139,13,315826.61,1616903.23,14.619208,79.29009,"WaterBody,Canal"
425,1.139,14,315808.94,1616920.06,14.619359,79.289925,"WaterBody,Canal"
125,0.152,1,316027.55,1616907.73,14.619263,79.291955,"WaterBody,Canal"
125,0.152,2,316040.71,1616935.14,14.619511,79.292075,"WaterBody,Canal"
125,0.152,3,316060.09,1616881.95,14.619032,79.292258,"WaterBody,Canal"
53,2.039,1,316305.67,1616999.71,14.620113,79.29453,"WaterBody,Vagu/Vanka/Yeru"
53,2.039,2,316271.63,1617059.72,14.620653,79.294209,"WaterBody,Vagu/Vanka/Yeru"
53,2.039,3,316199.88,1617084.91,14.620876,79.293542,"WaterBody,Vagu/Vanka/Yeru"
53,2.039,4,316276.9,1617162.6,14.621583,79.294251,"WaterBody,Vagu/Vanka/Yeru"
53,2.039,5,316340.69,1617173.85,14.621689,79.294842,"WaterBody,Vagu/Vanka/Yeru"
53,2.039,6,316330.53,1617139.2,14.621375,79.294751,"WaterBody,Vagu/Vanka/Yeru"
53,2.039,7,316327.8,1617129.91,14.621291,79.294726,"WaterBody,Vagu/Vanka/Yeru"
53,2.039,8,316262.99,1617085.71,14.620887,79.294127,"WaterBody,Vagu/Vanka/Yeru"
53,2.039,9,316304.29,1617053.48,14.620599,79.294513,"WaterBody,Vagu/Vanka/Yeru"
53,2.039,10,316313.67,1617011.89,14.620224,79.294603,"WaterBody,Vagu/Vanka/Yeru"
77,0.08,1,316112.01,1616868.26,14.618912,79.292741,"WaterBody,Canal"
77,0.08,2,316123.4,1616868.91,14.618918,79.292847,"WaterBody,Canal"
77,0.08,3,316137.69,1616846.08,14.618713,79.292981,"WaterBody,Canal"
77,0.08,4,316125.62,1616841.74,14.618673,79.292869,"WaterBody,Canal"
123,0.201,1,316145.6,1616814.46,14.618428,79.293057,"Road,Puntha/Bandi Jada/Kalibata"
123,0.201,3,316157.31,1616818.95,14.618469,79.293165,"Road,Puntha/Bandi Jada/Kalibata"
123,0.201,4,316190.16,1616782.87,14.618145,79.293473,"Road,Puntha/Bandi Jada/Kalibata"
123,0.201,5,316181.83,1616765.01,14.617983,79.293397,"Road,Puntha/Bandi Jada/Kalibata"
126,0.06,1,316026.06,1616974.18,14.619863,79.291936,"Road,Puntha/Bandi Jada/Kalibata"
126,0.06,2,316034.81,1616951.24,14.619656,79.292019,"Road,Puntha/Bandi Jada/Kalibata"
126,0.06,3,316013.33,1616951.68,14.619659,79.29182,"Road,Puntha/Bandi Jada/Kalibata"
72,0.095,1,316096.43,1617038.59,14.62045,79.292585,"Road,Puntha/Bandi Jada/Kalibata"
72,0.095,2,316105.8,1617042.6,14.620487,79.292671,"Road,Puntha/Bandi Jada/Kalibata"
72,0.095,3,316081.47,1617012.56,14.620214,79.292448,"Road,Puntha/Bandi Jada/Kalibata"
72,0.095,4,316061.9,1616996.68,14.620069,79.292267,"Road,Puntha/Bandi Jada/Kalibata"
72,0.095,5,316057.24,1617006.1,14.620154,79.292223,"Road,Puntha/Bandi Jada/Kalibata"
72,0.095,6,316070.26,1617011.49,14.620203,79.292344,"Road,Puntha/Bandi Jada/Kalibata"
135,0.669,1,316250.37,1616725.31,14.617629,79.294035,"WaterBody,Vagu/Vanka/Yeru"
135,0.669,2,316305.4,1616642.79,14.616887,79.294552,"WaterBody,Vagu/Vanka/Yeru"
135,0.669,3,316260.17,1616641.89,14.616876,79.294132,"WaterBody,Vagu/Vanka/Yeru"
135,0.669,4,316230.59,1616726.78,14.617641,79.293852,"WaterBody,Vagu/Vanka/Yeru"
136,2.605,1,316412.18,1616739,14.617764,79.295536,"WaterBody,Vagu/Vanka/Yeru"
136,2.605,2,316418.8,1616653.88,14.616995,79.295604,"WaterBody,Vagu/Vanka/Yeru"
136,2.605,3,316305.4,1616642.79,14.616887,79.294552,"WaterBody,Vagu/Vanka/Yeru"
136,2.605,4,316250.37,1616725.31,14.617629,79.294035,"WaterBody,Vagu/Vanka/Yeru"
136,2.605,5,316329.26,1616719.46,14.617582,79.294768,"WaterBody,Vagu/Vanka/Yeru"
136,2.605,6,316364.15,1616721.43,14.617602,79.295092,"WaterBody,Vagu/Vanka/Yeru"
136,2.605,7,316377.68,1616722.2,14.61761,79.295217,"WaterBody,Vagu/Vanka/Yeru"
343,2.744,1,317077.82,1616218.68,14.613107,79.30175,"WaterBody,Vagu/Vanka/Yeru"
343,2.744,2,317145.68,1616279.48,14.613661,79.302376,"WaterBody,Vagu/Vanka/Yeru"
343,2.744,3,317167.53,1616244.51,14.613346,79.302581,"WaterBody,Vagu/Vanka/Yeru"
343,2.744,4,317223.06,1616162.19,14.612606,79.303102,"WaterBody,Vagu/Vanka/Yeru"
343,2.744,5,317153.45,1616122.54,14.612243,79.302459,"WaterBody,Vagu/Vanka/Yeru"
138,3.077,1,316688.53,1616772.62,14.618087,79.298099,"WaterBody,Vagu/Vanka/Yeru"
138,3.077,2,316692.83,1616681.87,14.617267,79.298145,"WaterBody,Vagu/Vanka/Yeru"
138,3.077,3,316661.22,1616682.42,14.61727,79.297852,"WaterBody,Vagu/Vanka/Yeru"
138,3.077,4,316617.71,1616682.49,14.617267,79.297448,"WaterBody,Vagu/Vanka/Yeru"
138,3.077,5,316554.88,1616684.76,14.617284,79.296865,"WaterBody,Vagu/Vanka/Yeru"
138,3.077,6,316539.34,1616685.32,14.617288,79.29672,"WaterBody,Vagu/Vanka/Yeru"
138,3.077,7,316565.32,1616773.24,14.618084,79.296955,"WaterBody,Vagu/Vanka/Yeru"
139,5.869,1,316879.57,1616753.27,14.617925,79.299873,"WaterBody,Vagu/Vanka/Yeru"
139,5.869,2,316827.64,1616659.35,14.617072,79.299398,"WaterBody,Vagu/Vanka/Yeru"
139,5.869,3,316788.99,1616667.68,14.617145,79.299039,"WaterBody,Vagu/Vanka/Yeru"
139,5.869,4,316765.7,1616672.5,14.617187,79.298822,"WaterBody,Vagu/Vanka/Yeru"
139,5.869,5,316743.15,1616677.18,14.617228,79.298612,"WaterBody,Vagu/Vanka/Yeru"
139,5.869,6,316720.44,1616681.89,14.617269,79.298401,"WaterBody,Vagu/Vanka/Yeru"
139,5.869,7,316692.83,1616681.87,14.617267,79.298145,"WaterBody,Vagu/Vanka/Yeru"
139,5.869,9,316688.53,1616772.62,14.618087,79.298099,"WaterBody,Vagu/Vanka/Yeru"
139,5.869,10,316698.9,1616801.8,14.618351,79.298193,"WaterBody,Vagu/Vanka/Yeru"
139,5.869,11,316701.81,1616832.48,14.618628,79.298218,"WaterBody,Vagu/Vanka/Yeru"
139,5.869,12,316729.85,1616844.57,14.61874,79.298477,"WaterBody,Vagu/Vanka/Yeru"
139,5.869,13,316752.13,1616839.25,14.618693,79.298684,"WaterBody,Vagu/Vanka/Yeru"
289,7.363,1,317037.86,1616490.35,14.615559,79.301361,"WaterBody,Vagu/Vanka/Yeru"
289,7.363,2,316971.81,1616410.27,14.614831,79.300753,"WaterBody,Vagu/Vanka/Yeru"
289,7.363,3,316933.89,1616461.43,14.615291,79.300398,"WaterBody,Vagu/Vanka/Yeru"
289,7.363,4,316929.6,1616466.52,14.615337,79.300358,"WaterBody,Vagu/Vanka/Yeru"
289,7.363,5,316892.44,1616509.96,14.615727,79.30001,"WaterBody,Vagu/Vanka/Yeru"
289,7.363,6,316867.57,1616539.18,14.615989,79.299777,"WaterBody,Vagu/Vanka/Yeru"
289,7.363,7,316869.58,1616567.87,14.616248,79.299793,"WaterBody,Vagu/Vanka/Yeru"
289,7.363,8,316833.62,1616646.65,14.616958,79.299454,"WaterBody,Vagu/Vanka/Yeru"
289,7.363,9,316827.64,1616659.35,14.617072,79.299398,"WaterBody,Vagu/Vanka/Yeru"
289,7.363,10,316879.57,1616753.27,14.617925,79.299873,"WaterBody,Vagu/Vanka/Yeru"
289,7.363,11,316930.98,1616652.36,14.617016,79.300357,"WaterBody,Vagu/Vanka/Yeru"
313,5.62,1,317145.68,1616279.48,14.613661,79.302376,"WaterBody,Vagu/Vanka/Yeru"
313,5.62,2,317077.82,1616218.68,14.613107,79.30175,"WaterBody,Vagu/Vanka/Yeru"
313,5.62,3,317060.18,1616241.23,14.613309,79.301585,"WaterBody,Vagu/Vanka/Yeru"
313,5.62,4,317020.83,1616283.89,14.613692,79.301217,"WaterBody,Vagu/Vanka/Yeru"
313,5.62,5,317020.41,1616309.62,14.613925,79.301211,"WaterBody,Vagu/Vanka/Yeru"
313,5.62,6,317009.12,1616337.05,14.614172,79.301105,"WaterBody,Vagu/Vanka/Yeru"
313,5.62,7,316996.71,1616367.19,14.614443,79.300987,"WaterBody,Vagu/Vanka/Yeru"
313,5.62,8,316977.9,1616400.12,14.61474,79.30081,"WaterBody,Vagu/Vanka/Yeru"
313,5.62,9,316971.81,1616410.27,14.614831,79.300753,"WaterBody,Vagu/Vanka/Yeru"
313,5.62,10,317037.86,1616490.35,14.615559,79.301361,"WaterBody,Vagu/Vanka/Yeru"
313,5.62,11,317086.49,1616406.72,14.614807,79.301818,"WaterBody,Vagu/Vanka/Yeru"
273,2.671,1,316035.93,1616169.03,14.612587,79.292084,"WaterBody,Tank/Cheruvu/Kunta"
273,2.671,2,316128.15,1616148.21,14.612405,79.292941,"WaterBody,Tank/Cheruvu/Kunta"
273,2.671,3,316095.03,1616035.88,14.611388,79.292642,"WaterBody,Tank/Cheruvu/Kunta"
273,2.671,4,316039.48,1616045.05,14.611467,79.292126,"WaterBody,Tank/Cheruvu/Kunta"
273,2.671,5,316032.3,1616066.21,14.611658,79.292058,"WaterBody,Tank/Cheruvu/Kunta"
273,2.671,6,316004.6,1616081.42,14.611793,79.291799,"WaterBody,Tank/Cheruvu/Kunta"
273,2.671,7,316018.92,1616121.48,14.612156,79.291929,"WaterBody,Tank/Cheruvu/Kunta"
358,0.393,1,316895.78,1615755.47,14.608908,79.300093,"Road,Puntha/Bandi Jada/Kalibata"
358,0.393,2,316885.38,1615736.28,14.608734,79.299998,"Road,Puntha/Bandi Jada/Kalibata"
358,0.393,3,316859.28,1615751.21,14.608867,79.299755,"Road,Puntha/Bandi Jada/Kalibata"
358,0.393,4,316790.25,1615790.68,14.609219,79.299111,"Road,Puntha/Bandi Jada/Kalibata"
358,0.393,5,316778.14,1615796.14,14.609268,79.298998,"Road,Puntha/Bandi Jada/Kalibata"
358,0.393,6,316802.6,1615790.2,14.609216,79.299226,"Road,Puntha/Bandi Jada/Kalibata"
358,0.393,7,316866.92,1615769.7,14.609035,79.299824,"Road,Puntha/Bandi Jada/Kalibata"
358,0.393,8,316870.44,1615768.58,14.609025,79.299857,"Road,Puntha/Bandi Jada/Kalibata"
358,0.393,9,316873.47,1615767.01,14.609011,79.299885,"Road,Puntha/Bandi Jada/Kalibata"
368,0.489,1,316353.2,1616001.16,14.611092,79.29504,"Road,Puntha/Bandi Jada/Kalibata"
368,0.489,2,316310.96,1616010,14.611169,79.294648,"Road,Puntha/Bandi Jada/Kalibata"
368,0.489,3,316202.89,1616075.08,14.61175,79.29364,"Road,Puntha/Bandi Jada/Kalibata"
368,0.489,4,316212.01,1616085,14.61184,79.293724,"Road,Puntha/Bandi Jada/Kalibata"
368,0.489,5,316284.33,1616042.06,14.611457,79.294398,"Road,Puntha/Bandi Jada/Kalibata"
54,2.128,1,316110.32,1617145.47,14.621417,79.292706,Gramakantam
54,2.128,2,316130.76,1617123.82,14.621223,79.292897,Gramakantam
54,2.128,3,316149.98,1617103.45,14.62104,79.293077,Gramakantam
54,2.128,4,316199.88,1617084.91,14.620876,79.293542,Gramakantam
54,2.128,5,316161.24,1617038.53,14.620454,79.293186,Gramakantam
54,2.128,6,316152.17,1617032.93,14.620403,79.293103,Gramakantam
54,2.128,7,316139.49,1617074.3,14.620776,79.292982,Gramakantam
54,2.128,8,316105.8,1617042.6,14.620487,79.292671,Gramakantam
54,2.128,9,316096.43,1617038.59,14.62045,79.292585,Gramakantam
54,2.128,10,316066.71,1617066.3,14.620699,79.292307,Gramakantam
54,2.128,11,316066.86,1617127,14.621247,79.292304,Gramakantam
54,2.128,12,316072.28,1617133.32,14.621305,79.292354,Gramakantam
54,2.128,13,316088.2,1617151.49,14.62147,79.292501,Gramakantam
280,9.453,1,316465.02,1616445.13,14.615112,79.296047,Gramakantam
280,9.453,2,316504.91,1616413.87,14.614832,79.29642,Gramakantam
280,9.453,3,316515.84,1616450.51,14.615164,79.296518,Gramakantam
280,9.453,4,316531.79,1616448.71,14.615149,79.296667,Gramakantam
280,9.453,5,316560.73,1616445.45,14.615121,79.296935,Gramakantam
280,9.453,6,316558.07,1616433.86,14.615016,79.296912,Gramakantam
280,9.453,7,316556.28,1616382.13,14.614549,79.296899,Gramakantam
280,9.453,8,316555.12,1616348.33,14.614243,79.29689,Gramakantam
280,9.453,9,316552.85,1616282.61,14.613649,79.296874,Gramakantam
280,9.453,10,316534.37,1616275.73,14.613585,79.296703,Gramakantam
280,9.453,11,316505.09,1616277.16,14.613596,79.296431,Gramakantam
280,9.453,12,316501.43,1616257.71,14.61342,79.296398,Gramakantam
280,9.453,13,316470.75,1616260.34,14.613442,79.296113,Gramakantam
280,9.453,14,316464.95,1616227.74,14.613147,79.296062,Gramakantam
280,9.453,15,316458.58,1616192.02,14.612824,79.296005,Gramakantam
280,9.453,16,316452.94,1616186.86,14.612777,79.295953,Gramakantam
280,9.453,17,316426.07,1616192.91,14.61283,79.295703,Gramakantam
280,9.453,18,316427.67,1616208.34,14.612969,79.295717,Gramakantam
280,9.453,19,316354.3,1616221.59,14.613084,79.295035,Gramakantam
280,9.453,20,316339.61,1616238.17,14.613233,79.294898,Gramakantam
280,9.453,21,316357.53,1616243.86,14.613285,79.295064,Gramakantam
280,9.453,22,316368.35,1616261.15,14.613442,79.295163,Gramakantam
280,9.453,23,316374,1616270.18,14.613524,79.295215,Gramakantam
280,9.453,24,316375.64,1616288.97,14.613694,79.295229,Gramakantam
280,9.453,25,316387.6,1616330.42,14.61407,79.295337,Gramakantam
280,9.453,26,316364.73,1616352.92,14.614272,79.295123,Gramakantam
280,9.453,27,316391.45,1616363.81,14.614372,79.29537,Gramakantam
280,9.453,28,316393.12,1616382.93,14.614545,79.295384,Gramakantam
280,9.453,29,316370.99,1616386.64,14.614577,79.295179,Gramakantam
280,9.453,30,316371.6,1616393.66,14.61464,79.295184,Gramakantam
280,9.453,31,316341.45,1616397.93,14.614677,79.294904,Gramakantam
280,9.453,32,316344.38,1616401.65,14.614711,79.294931,Gramakantam
280,9.453,33,316362.5,1616424.97,14.614923,79.295097,Gramakantam
280,9.453,34,316380.41,1616444.89,14.615104,79.295262,Gramakantam
280,9.453,35,316387.76,1616454,14.615187,79.29533,Gramakantam
280,9.453,36,316426.43,1616437.64,14.615041,79.29569,Gramakantam
280,9.453,37,316431.81,1616456.86,14.615215,79.295738,Gramakantam
280,9.453,38,316448.96,1616450.39,14.615158,79.295898,Gramakantam
363,2.298,1,316651.99,1615867.02,14.6099,79.297823,"Road,National Highways"
363,2.298,2,316648.59,1615819.7,14.609472,79.297794,"Road,National Highways"
363,2.298,3,316607,1615845.66,14.609704,79.297407,"Road,National Highways"
363,2.298,4,316441.63,1615942.03,14.610563,79.295865,"Road,National Highways"
363,2.298,5,316519.73,1615955.4,14.61069,79.296589,"Road,National Highways"
360,0.488,1,316781.57,1615734.84,14.608714,79.299035,"Road,Puntha/Bandi Jada/Kalibata"
360,0.488,2,316847.69,1615701.4,14.608416,79.299651,"Road,Puntha/Bandi Jada/Kalibata"
360,0.488,3,316899.54,1615675.18,14.608183,79.300134,"Road,Puntha/Bandi Jada/Kalibata"
360,0.488,4,316879.2,1615656.95,14.608017,79.299946,"Road,Puntha/Bandi Jada/Kalibata"
360,0.488,5,316780.91,1615729.42,14.608665,79.299029,"Road,Puntha/Bandi Jada/Kalibata"
8,0.703,1,316655.14,1617332,14.62314,79.29775,Grazing Ground/Topu/Mandabailu etc.
8,0.703,2,316673.8,1617379.49,14.62357,79.29792,Grazing Ground/Topu/Mandabailu etc.
8,0.703,3,316709.8,1617354.04,14.623343,79.298256,Grazing Ground/Topu/Mandabailu etc.
8,0.703,4,316700.68,1617298.85,14.622843,79.298175,Grazing Ground/Topu/Mandabailu etc.
8,0.703,5,316683.25,1617296.47,14.622821,79.298013,Grazing Ground/Topu/Mandabailu etc.
119,1.75,1,316190.16,1616782.87,14.618145,79.293473,"Road,Puntha/Bandi Jada/Kalibata"
119,1.75,2,316240.18,1616772.99,14.618059,79.293938,"Road,Puntha/Bandi Jada/Kalibata"
119,1.75,3,316288.4,1616763.46,14.617977,79.294386,"Road,Puntha/Bandi Jada/Kalibata"
119,1.75,4,316313.5,1616758.5,14.617934,79.294619,"Road,Puntha/Bandi Jada/Kalibata"
119,1.75,5,316335.5,1616795.51,14.618269,79.294821,"Road,Puntha/Bandi Jada/Kalibata"
119,1.75,6,316368.35,1616813.12,14.618431,79.295124,"Road,Puntha/Bandi Jada/Kalibata"
119,1.75,8,316401.11,1616806.94,14.618377,79.295429,"Road,Puntha/Bandi Jada/Kalibata"
119,1.75,9,316392.29,1616782.32,14.618154,79.295349,"Road,Puntha/Bandi Jada/Kalibata"
119,1.75,10,316384.55,1616784.68,14.618175,79.295277,"Road,Puntha/Bandi Jada/Kalibata"
119,1.75,11,316360.73,1616791.95,14.618239,79.295055,"Road,Puntha/Bandi Jada/Kalibata"
119,1.75,12,316351.34,1616770.33,14.618043,79.294969,"Road,Puntha/Bandi Jada/Kalibata"
119,1.75,13,316343.57,1616752.42,14.617881,79.294899,"Road,Puntha/Bandi Jada/Kalibata"
119,1.75,14,316336.54,1616736.23,14.617734,79.294834,"Road,Puntha/Bandi Jada/Kalibata"
119,1.75,15,316329.26,1616719.46,14.617582,79.294768,"Road,Puntha/Bandi Jada/Kalibata"
119,1.75,16,316250.37,1616725.31,14.617629,79.294035,"Road,Puntha/Bandi Jada/Kalibata"
10,0.396,1,316461.25,1617515.36,14.624784,79.295938,"Road,GP (Grama Panchyat) Road"
10,0.396,2,316503.17,1617493.92,14.624593,79.296328,"Road,GP (Grama Panchyat) Road"
10,0.396,3,316530.24,1617475.44,14.624428,79.296581,"Road,GP (Grama Panchyat) Road"
10,0.396,4,316565.9,1617439.35,14.624104,79.296914,"Road,GP (Grama Panchyat) Road"
10,0.396,5,316559.29,1617428.25,14.624003,79.296854,"Road,GP (Grama Panchyat) Road"
10,0.396,6,316554.32,1617436.81,14.62408,79.296807,"Road,GP (Grama Panchyat) Road"
10,0.396,7,316511.95,1617473.82,14.624412,79.296411,"Road,GP (Grama Panchyat) Road"
10,0.396,8,316488.43,1617489.21,14.624549,79.296192,"Road,GP (Grama Panchyat) Road"
10,0.396,9,316451.11,1617502.92,14.624671,79.295844,"Road,GP (Grama Panchyat) Road"
115,0.995,1,316582.64,1616827.05,14.618571,79.297112,"WaterBody,Canal"
115,0.995,2,316574.28,1616807.69,14.618396,79.297036,"WaterBody,Canal"
115,0.995,3,316503.7,1616807.38,14.618388,79.296381,"WaterBody,Canal"
115,0.995,4,316479.16,1616807.28,14.618386,79.296153,"WaterBody,Canal"
115,0.995,5,316457.88,1616807.18,14.618383,79.295956,"WaterBody,Canal"
115,0.995,6,316439.26,1616807.1,14.618381,79.295783,"WaterBody,Canal"
115,0.995,7,316423.03,1616807.03,14.61838,79.295632,"WaterBody,Canal"
115,0.995,8,316401.11,1616806.94,14.618377,79.295429,"WaterBody,Canal"
115,0.995,9,316408.19,1616839.51,14.618672,79.295492,"WaterBody,Canal"
115,0.995,10,316454.34,1616832.03,14.618608,79.295921,"WaterBody,Canal"
115,0.995,11,316480.24,1616828.42,14.618577,79.296162,"WaterBody,Canal"
90,0.109,1,316403.46,1616878.98,14.619029,79.295446,"Road,Puntha/Bandi Jada/Kalibata"
90,0.109,2,316408.19,1616839.51,14.618672,79.295492,"Road,Puntha/Bandi Jada/Kalibata"
90,0.109,3,316389.92,1616842.58,14.618699,79.295323,"Road,Puntha/Bandi Jada/Kalibata"
90,0.109,4,316392.75,1616863.1,14.618884,79.295347,"Road,Puntha/Bandi Jada/Kalibata"
76,0.063,1,316123.4,1616868.91,14.618918,79.292847,"WaterBody,Canal"
76,0.063,2,316112.01,1616868.26,14.618912,79.292741,"WaterBody,Canal"
76,0.063,3,316097.56,1616891.53,14.619121,79.292606,"WaterBody,Canal"
76,0.063,4,316109.17,1616890.6,14.619113,79.292713,"WaterBody,Canal"
60,1.124,1,315912.89,1617078.87,14.620802,79.290878,Gramakantam
60,1.124,2,315917.54,1617097.3,14.620969,79.29092,Gramakantam
60,1.124,3,315866.37,1617108.58,14.621067,79.290445,Gramakantam
60,1.124,4,315879.52,1617157.56,14.621511,79.290563,Gramakantam
60,1.124,5,315894.61,1617162.43,14.621556,79.290703,Gramakantam
60,1.124,6,315928.58,1617162.69,14.62156,79.291018,Gramakantam
60,1.124,7,315937.43,1617137.01,14.621329,79.291102,Gramakantam
60,1.124,8,315945.58,1617114.55,14.621126,79.291179,Gramakantam
60,1.124,9,315947.7,1617108.71,14.621074,79.291199,Gramakantam
60,1.124,10,315957.99,1617104.59,14.621037,79.291295,Gramakantam
60,1.124,11,315944.33,1617089.17,14.620897,79.29117,Gramakantam
361,1.448,1,316651.99,1615867.02,14.6099,79.297823,"Road,National Highways"
361,1.448,2,316692.69,1615827.52,14.609546,79.298203,"Road,National Highways"
361,1.448,3,316723.4,1615813.24,14.609419,79.298489,"Road,National Highways"
361,1.448,4,316778.14,1615796.14,14.609268,79.298998,"Road,National Highways"
361,1.448,5,316781.57,1615734.84,14.608714,79.299035,"Road,National Highways"
361,1.448,6,316714.5,1615777.64,14.609096,79.298409,"Road,National Highways"
361,1.448,7,316648.59,1615819.7,14.609472,79.297794,"Road,National Highways"
63,0.072,1,315945.58,1617114.55,14.621126,79.291179,"Road,Puntha/Bandi Jada/Kalibata"
63,0.072,2,315982.24,1617109.27,14.621081,79.29152,"Road,Puntha/Bandi Jada/Kalibata"
63,0.072,3,315985.31,1617100.35,14.621001,79.291549,"Road,Puntha/Bandi Jada/Kalibata"
63,0.072,4,315957.99,1617104.59,14.621037,79.291295,"Road,Puntha/Bandi Jada/Kalibata"
63,0.072,5,315947.7,1617108.71,14.621074,79.291199,"Road,Puntha/Bandi Jada/Kalibata"
117,1.531,1,316203.94,1616848.47,14.618739,79.293596,"WaterBody,Canal"
117,1.531,2,316252.52,1616846.93,14.618729,79.294047,"WaterBody,Canal"
117,1.531,3,316282.48,1616845.98,14.618722,79.294325,"WaterBody,Canal"
117,1.531,4,316311.42,1616845.06,14.618716,79.294594,"WaterBody,Canal"
117,1.531,5,316389.92,1616842.58,14.618699,79.295323,"WaterBody,Canal"
117,1.531,6,316408.19,1616839.51,14.618672,79.295492,"WaterBody,Canal"
117,1.531,7,316401.11,1616806.94,14.618377,79.295429,"WaterBody,Canal"
117,1.531,8,316368.35,1616813.12,14.618431,79.295124,"WaterBody,Canal"
117,1.531,10,316294.06,1616815.66,14.618449,79.294435,"WaterBody,Canal"
117,1.531,11,316246.53,1616817.28,14.61846,79.293993,"WaterBody,Canal"
117,1.531,12,316197.67,1616818.95,14.618472,79.29354,"WaterBody,Canal"
131,12.577,1,315813.62,1616833.51,14.618577,79.289974,"WaterBody,Vagu/Vanka/Yeru"
131,12.577,2,315808.94,1616920.06,14.619359,79.289925,"WaterBody,Vagu/Vanka/Yeru"
131,12.577,3,315826.61,1616903.23,14.619208,79.29009,"WaterBody,Vagu/Vanka/Yeru"
131,12.577,4,315885.62,1616885.84,14.619055,79.290639,"WaterBody,Vagu/Vanka/Yeru"
131,12.577,5,315945.85,1616880.88,14.619015,79.291198,"WaterBody,Vagu/Vanka/Yeru"
131,12.577,6,316013.73,1616926.74,14.619434,79.291825,"WaterBody,Vagu/Vanka/Yeru"
131,12.577,7,316027.55,1616907.73,14.619263,79.291955,"WaterBody,Vagu/Vanka/Yeru"
131,12.577,8,316060.09,1616881.95,14.619032,79.292258,"WaterBody,Vagu/Vanka/Yeru"
131,12.577,9,316150.99,1616639.6,14.616848,79.293119,"WaterBody,Vagu/Vanka/Yeru"
131,12.577,10,316131.5,1616635.65,14.616811,79.292938,"WaterBody,Vagu/Vanka/Yeru"
131,12.577,11,316095.75,1616629.34,14.616751,79.292607,"WaterBody,Vagu/Vanka/Yeru"
131,12.577,12,316067.29,1616648.21,14.61692,79.292342,"WaterBody,Vagu/Vanka/Yeru"
131,12.577,13,316001.71,1616691.71,14.617309,79.29173,"WaterBody,Vagu/Vanka/Yeru"
131,12.577,14,315940.85,1616750.02,14.617832,79.291161,"WaterBody,Vagu/Vanka/Yeru"
131,12.577,15,315902.99,1616756.32,14.617886,79.290809,"WaterBody,Vagu/Vanka/Yeru"
131,12.577,16,315861.17,1616765.92,14.61797,79.29042,"WaterBody,Vagu/Vanka/Yeru"
264,3.438,1,315776.45,1616401.81,14.614673,79.289659,"WaterBody,Canal"
264,3.438,2,315688.17,1616374.27,14.614419,79.288842,"WaterBody,Canal"
264,3.438,3,315612.46,1616400.69,14.614652,79.288138,"WaterBody,Canal"
264,3.438,4,315604.59,1616378.4,14.61445,79.288066,"WaterBody,Canal"
264,3.438,5,315535.67,1616401.6,14.614655,79.287425,"WaterBody,Canal"
264,3.438,6,315614.96,1616489.44,14.615454,79.288155,"WaterBody,Canal"
264,3.438,7,315626.39,1616473.81,14.615314,79.288262,"WaterBody,Canal"
264,3.438,8,315711.53,1616445.26,14.615062,79.289054,"WaterBody,Canal"
394,0.28,1,315950.05,1615630.54,14.607715,79.291325,"WaterBody,Tank/Cheruvu/Kunta"
394,0.28,2,316031.55,1615671.11,14.608087,79.292078,"WaterBody,Tank/Cheruvu/Kunta"
394,0.28,3,316025.16,1615652.73,14.607921,79.29202,"WaterBody,Tank/Cheruvu/Kunta"
394,0.28,4,316014.4,1615635.9,14.607768,79.291921,"WaterBody,Tank/Cheruvu/Kunta"
429,0.129,1,316617.27,1615515.57,14.606721,79.297525,"WaterBody,Canal"
429,0.129,2,316655.66,1615491.95,14.60651,79.297883,"WaterBody,Canal"
429,0.129,3,316637.04,1615476.37,14.606368,79.297711,"WaterBody,Canal"
429,0.129,4,316636.95,1615476.3,14.606368,79.29771,"WaterBody,Canal"
382,0.122,1,316639.89,1615608.2,14.60756,79.297728,"WaterBody,Canal"
382,0.122,2,316607.99,1615628.38,14.60774,79.297431,"WaterBody,Canal"
382,0.122,3,316609.33,1615637.15,14.607819,79.297443,"WaterBody,Canal"
382,0.122,4,316613.69,1615655.25,14.607983,79.297482,"WaterBody,Canal"
495,0.567,1,316522.53,1615684.37,14.60824,79.296634,"WaterBody,Canal"
495,0.567,2,316428.87,1615744.51,14.608777,79.295761,"WaterBody,Canal"
495,0.567,3,316475.66,1615746.81,14.608801,79.296195,"WaterBody,Canal"
495,0.567,4,316519.74,1615721.36,14.608574,79.296605,"WaterBody,Canal"
385,0.554,1,316310.81,1615724.02,14.608584,79.294666,"WaterBody,Canal"
385,0.554,2,316381.37,1615676.97,14.608164,79.295324,"WaterBody,Canal"
385,0.554,3,316290.97,1615673.71,14.608128,79.294486,"WaterBody,Canal"
420,3.656,1,316051.48,1615638.98,14.607798,79.292265,"WaterBody,Vagu/Vanka/Yeru"
420,3.656,2,316091.2,1615644.25,14.607848,79.292634,"WaterBody,Vagu/Vanka/Yeru"
420,3.656,3,316118.64,1615654.88,14.607946,79.292888,"WaterBody,Vagu/Vanka/Yeru"
420,3.656,4,316108.51,1615663.99,14.608028,79.292793,"WaterBody,Vagu/Vanka/Yeru"
420,3.656,5,316290.97,1615673.71,14.608128,79.294486,"WaterBody,Vagu/Vanka/Yeru"
420,3.656,6,316276.55,1615637.15,14.607797,79.294354,"WaterBody,Vagu/Vanka/Yeru"
420,3.656,7,316197.21,1615647.86,14.607888,79.293617,"WaterBody,Vagu/Vanka/Yeru"
420,3.656,8,316177.32,1615650.81,14.607914,79.293432,"WaterBody,Vagu/Vanka/Yeru"
420,3.656,9,316165.9,1615591.76,14.607379,79.293331,"WaterBody,Vagu/Vanka/Yeru"
420,3.656,10,316122.45,1615556.57,14.607058,79.29293,"WaterBody,Vagu/Vanka/Yeru"
420,3.656,11,316019.8,1615564.86,14.607126,79.291977,"WaterBody,Vagu/Vanka/Yeru"
386,3.142,1,316287.86,1615740.65,14.608733,79.294452,"WaterBody,Canal"
386,3.142,2,316310.81,1615724.02,14.608584,79.294666,"WaterBody,Canal"
386,3.142,3,316290.97,1615673.71,14.608128,79.294486,"WaterBody,Canal"
386,3.142,4,316108.51,1615663.99,14.608028,79.292793,"WaterBody,Canal"
386,3.142,5,316078.31,1615691.18,14.608272,79.292511,"WaterBody,Canal"
386,3.142,6,316155.55,1615731.19,14.608638,79.293225,"WaterBody,Canal"
386,3.142,7,316164.15,1615731.42,14.608641,79.293305,"WaterBody,Canal"
389,0.028,1,316067.38,1615701.12,14.608361,79.292409,"WaterBody,Tank/Cheruvu/Kunta"
389,0.028,2,316078.31,1615691.18,14.608272,79.292511,"WaterBody,Tank/Cheruvu/Kunta"
389,0.028,4,316063.96,1615683.75,14.608204,79.292378,"WaterBody,Tank/Cheruvu/Kunta"
374,1.078,1,316072.85,1615728.95,14.608613,79.292457,"Road,Puntha/Bandi Jada/Kalibata"
374,1.078,2,316071.23,1615728.9,14.608612,79.292442,"Road,Puntha/Bandi Jada/Kalibata"
374,1.078,3,316041.23,1615732.26,14.60864,79.292164,"Road,Puntha/Bandi Jada/Kalibata"
374,1.078,4,316050.56,1615791.62,14.609177,79.292246,"Road,Puntha/Bandi Jada/Kalibata"
374,1.078,5,316051.24,1615795.98,14.609217,79.292252,"Road,Puntha/Bandi Jada/Kalibata"
374,1.078,6,316066.04,1615859.89,14.609796,79.292385,"Road,Puntha/Bandi Jada/Kalibata"
374,1.078,7,316098.81,1615861.04,14.609808,79.292689,"Road,Puntha/Bandi Jada/Kalibata"
391,0.401,1,316041.23,1615732.26,14.60864,79.292164,"WaterBody,Tank/Cheruvu/Kunta"
391,0.401,2,316067.38,1615701.12,14.608361,79.292409,"WaterBody,Tank/Cheruvu/Kunta"
391,0.401,3,316063.96,1615683.75,14.608204,79.292378,"WaterBody,Tank/Cheruvu/Kunta"
391,0.401,4,316059.81,1615661.4,14.608001,79.292341,"WaterBody,Tank/Cheruvu/Kunta"
391,0.401,5,316058.85,1615656.23,14.607954,79.292332,"WaterBody,Tank/Cheruvu/Kunta"
391,0.401,6,316031.55,1615671.11,14.608087,79.292078,"WaterBody,Tank/Cheruvu/Kunta"
432,0.259,1,316108.51,1615663.99,14.608028,79.292793,"WaterBody,Tank/Cheruvu/Kunta"
432,0.259,2,316118.64,1615654.88,14.607946,79.292888,"WaterBody,Tank/Cheruvu/Kunta"
432,0.259,3,316091.2,1615644.25,14.607848,79.292634,"WaterBody,Tank/Cheruvu/Kunta"
432,0.259,4,316051.48,1615638.98,14.607798,79.292265,"WaterBody,Tank/Cheruvu/Kunta"
432,0.259,5,316058.85,1615656.23,14.607954,79.292332,"WaterBody,Tank/Cheruvu/Kunta"
432,0.259,6,316059.81,1615661.4,14.608001,79.292341,"WaterBody,Tank/Cheruvu/Kunta"
390,0.209,1,316078.31,1615691.18,14.608272,79.292511,"WaterBody,Tank/Cheruvu/Kunta"
390,0.209,2,316108.51,1615663.99,14.608028,79.292793,"WaterBody,Tank/Cheruvu/Kunta"
390,0.209,3,316059.81,1615661.4,14.608001,79.292341,"WaterBody,Tank/Cheruvu/Kunta"
390,0.209,4,316063.96,1615683.75,14.608204,79.292378,"WaterBody,Tank/Cheruvu/Kunta"
387,0.432,1,316078.31,1615691.18,14.608272,79.292511,"WaterBody,Canal"
387,0.432,2,316067.38,1615701.12,14.608361,79.292409,"WaterBody,Canal"
387,0.432,3,316072.85,1615728.95,14.608613,79.292457,"WaterBody,Canal"
387,0.432,4,316155.55,1615731.19,14.608638,79.293225,"WaterBody,Canal"
388,0.11,1,316067.38,1615701.12,14.608361,79.292409,"WaterBody,Canal"
388,0.11,2,316041.23,1615732.26,14.60864,79.292164,"WaterBody,Canal"
388,0.11,3,316071.23,1615728.9,14.608612,79.292442,"WaterBody,Canal"
388,0.11,4,316072.85,1615728.95,14.608613,79.292457,"WaterBody,Canal"
395,0.938,1,315950.05,1615630.54,14.607715,79.291325,"WaterBody,Tank/Cheruvu/Kunta"
395,0.938,2,315900.88,1615626.45,14.607675,79.290869,"WaterBody,Tank/Cheruvu/Kunta"
395,0.938,3,315884.07,1615637.99,14.607778,79.290712,"WaterBody,Tank/Cheruvu/Kunta"
395,0.938,4,315887.32,1615663.61,14.60801,79.29074,"WaterBody,Tank/Cheruvu/Kunta"
395,0.938,5,316031.55,1615671.11,14.608087,79.292078,"WaterBody,Tank/Cheruvu/Kunta"
396,3.335,1,315906.15,1615781.16,14.609073,79.290907,"WaterBody,Tank/Cheruvu/Kunta"
396,3.335,2,316034.38,1615745.46,14.608759,79.292099,"WaterBody,Tank/Cheruvu/Kunta"
396,3.335,3,316041.23,1615732.26,14.60864,79.292164,"WaterBody,Tank/Cheruvu/Kunta"
396,3.335,4,316031.55,1615671.11,14.608087,79.292078,"WaterBody,Tank/Cheruvu/Kunta"
396,3.335,5,315887.32,1615663.61,14.60801,79.29074,"WaterBody,Tank/Cheruvu/Kunta"
122,0.468,1,316145.87,1616845.34,14.618707,79.293057,"WaterBody,Canal"
122,0.468,3,316203.94,1616848.47,14.618739,79.293596,"WaterBody,Canal"
122,0.468,4,316197.67,1616818.95,14.618472,79.29354,"WaterBody,Canal"
122,0.468,5,316157.31,1616818.95,14.618469,79.293165,"WaterBody,Canal"
122,0.468,6,316145.6,1616814.46,14.618428,79.293057,"WaterBody,Canal"
122,0.468,7,316125.62,1616841.74,14.618673,79.292869,"WaterBody,Canal"
122,0.468,8,316137.69,1616846.08,14.618713,79.292981,"WaterBody,Canal"
170,1.458,1,316232.77,1616511.82,14.615699,79.293887,"Road,National Highways"
170,1.458,2,316190.4,1616508.07,14.615662,79.293494,"Road,National Highways"
170,1.458,3,316176.64,1616552.63,14.616064,79.293363,"Road,National Highways"
170,1.458,4,316169.63,1616574.24,14.616258,79.293297,"Road,National Highways"
170,1.458,5,316150.99,1616639.6,14.616848,79.293119,"Road,National Highways"
170,1.458,6,316193.95,1616646.72,14.616915,79.293517,"Road,National Highways"
170,1.458,7,316210.2,1616587.07,14.616377,79.293672,"Road,National Highways"
170,1.458,8,316223.13,1616544.77,14.615996,79.293795,"Road,National Highways"
204,1.646,1,316279.15,1616353.03,14.614267,79.294328,"Road,National Highways"
204,1.646,2,316240.65,1616345.34,14.614195,79.293972,"Road,National Highways"
204,1.646,3,316233.8,1616377.45,14.614484,79.293906,"Road,National Highways"
204,1.646,4,316215.36,1616431.08,14.614968,79.293731,"Road,National Highways"
204,1.646,5,316192.41,1616501.56,14.615603,79.293513,"Road,National Highways"
204,1.646,6,316190.4,1616508.07,14.615662,79.293494,"Road,National Highways"
204,1.646,7,316232.77,1616511.82,14.615699,79.293887,"Road,National Highways"
204,1.646,8,316239,1616490.55,14.615507,79.293946,"Road,National Highways"
204,1.646,9,316263.37,1616412.61,14.614804,79.294178,"Road,National Highways"
204,1.646,10,316275.31,1616364.43,14.61437,79.294292,"Road,National Highways"
327,0.991,1,316359.05,1616084.06,14.611841,79.295089,"Road,National Highways"
327,0.991,2,316326.83,1616069.51,14.611708,79.294791,"Road,National Highways"
327,0.991,3,316302.63,1616110.09,14.612073,79.294563,"Road,National Highways"
327,0.991,4,316282.66,1616161.79,14.612539,79.294374,"Road,National Highways"
327,0.991,5,316311.34,1616192.96,14.612822,79.294638,"Road,National Highways"
327,0.991,6,316313.19,1616194.08,14.612833,79.294656,"Road,National Highways"
327,0.991,7,316319.95,1616171.95,14.612633,79.29472,"Road,National Highways"
327,0.991,8,316329.6,1616140.34,14.612348,79.294812,"Road,National Highways"
327,0.991,9,316335.68,1616120.42,14.612168,79.294869,"Road,National Highways"
327,0.991,10,316349.08,1616099.57,14.611981,79.294995,"Road,National Highways"
399,3.066,1,315746.38,1615732.88,14.608626,79.289427,"WaterBody,Tank/Cheruvu/Kunta"
399,3.066,2,315887.32,1615663.61,14.60801,79.29074,"WaterBody,Tank/Cheruvu/Kunta"
399,3.066,3,315884.07,1615637.99,14.607778,79.290712,"WaterBody,Tank/Cheruvu/Kunta"
399,3.066,4,315852.4,1615645.86,14.607847,79.290417,"WaterBody,Tank/Cheruvu/Kunta"
399,3.066,5,315833.2,1615507.04,14.606591,79.290249,"WaterBody,Tank/Cheruvu/Kunta"
399,3.066,6,315817.17,1615506.98,14.606589,79.2901,"WaterBody,Tank/Cheruvu/Kunta"
399,3.066,7,315810.02,1615645.91,14.607844,79.290024,"WaterBody,Tank/Cheruvu/Kunta"
399,3.066,8,315795.89,1615651.03,14.60789,79.289892,"WaterBody,Tank/Cheruvu/Kunta"
399,3.066,9,315769.74,1615651.87,14.607895,79.28965,"WaterBody,Tank/Cheruvu/Kunta"
399,3.066,10,315729.56,1615642.88,14.607811,79.289277,"WaterBody,Tank/Cheruvu/Kunta"
399,3.066,11,315720.55,1615641.93,14.607802,79.289194,"WaterBody,Tank/Cheruvu/Kunta"
398,10.674,1,315720.55,1615641.93,14.607802,79.289194,"WaterBody,Tank/Cheruvu/Kunta"
398,10.674,2,315729.56,1615642.88,14.607811,79.289277,"WaterBody,Tank/Cheruvu/Kunta"
398,10.674,3,315769.74,1615651.87,14.607895,79.28965,"WaterBody,Tank/Cheruvu/Kunta"
398,10.674,4,315795.89,1615651.03,14.60789,79.289892,"WaterBody,Tank/Cheruvu/Kunta"
398,10.674,5,315810.02,1615645.91,14.607844,79.290024,"WaterBody,Tank/Cheruvu/Kunta"
398,10.674,6,315817.17,1615506.98,14.606589,79.2901,"WaterBody,Tank/Cheruvu/Kunta"
398,10.674,7,315833.2,1615507.04,14.606591,79.290249,"WaterBody,Tank/Cheruvu/Kunta"
398,10.674,8,315852.4,1615645.86,14.607847,79.290417,"WaterBody,Tank/Cheruvu/Kunta"
398,10.674,9,315884.07,1615637.99,14.607778,79.290712,"WaterBody,Tank/Cheruvu/Kunta"
398,10.674,10,315878.62,1615594.98,14.607389,79.290664,"WaterBody,Tank/Cheruvu/Kunta"
398,10.674,11,315857.27,1615534.05,14.606837,79.29047,"WaterBody,Tank/Cheruvu/Kunta"
398,10.674,12,315759.71,1615357.73,14.605236,79.289577,"WaterBody,Tank/Cheruvu/Kunta"
398,10.674,13,315717.25,1615376.63,14.605404,79.289182,"WaterBody,Tank/Cheruvu/Kunta"
398,10.674,14,315600.27,1615338.16,14.605049,79.288099,"WaterBody,Tank/Cheruvu/Kunta"
398,10.674,15,315648.97,1615465.07,14.606199,79.288542,"WaterBody,Tank/Cheruvu/Kunta"
398,10.674,16,315655.82,1615482.91,14.606361,79.288604,"WaterBody,Tank/Cheruvu/Kunta"
398,10.674,17,315700.1,1615555.66,14.607021,79.28901,"WaterBody,Tank/Cheruvu/Kunta"
398,10.674,18,315706.98,1615566.97,14.607124,79.289073,"WaterBody,Tank/Cheruvu/Kunta"
412,3.93,1,315720.55,1615641.93,14.607802,79.289194,"WaterBody,Tank/Cheruvu/Kunta"
412,3.93,3,315695.48,1615640.55,14.607788,79.288961,"WaterBody,Tank/Cheruvu/Kunta"
412,3.93,4,315662.55,1615608.98,14.6075,79.288658,"WaterBody,Tank/Cheruvu/Kunta"
412,3.93,5,315646.7,1615589.36,14.607322,79.288512,"WaterBody,Tank/Cheruvu/Kunta"
412,3.93,6,315626.59,1615581.71,14.607252,79.288326,"WaterBody,Tank/Cheruvu/Kunta"
412,3.93,7,315605.5,1615573.68,14.607178,79.288131,"WaterBody,Tank/Cheruvu/Kunta"
412,3.93,8,315613.35,1615586.33,14.607292,79.288203,"WaterBody,Tank/Cheruvu/Kunta"
412,3.93,9,315654.57,1615600.53,14.607424,79.288584,"WaterBody,Tank/Cheruvu/Kunta"
412,3.93,10,315665.07,1615639.93,14.60778,79.288679,"WaterBody,Tank/Cheruvu/Kunta"
412,3.93,11,315633.12,1615661.85,14.607976,79.288381,"WaterBody,Tank/Cheruvu/Kunta"
412,3.93,12,315686.24,1615820.67,14.609415,79.288863,"WaterBody,Tank/Cheruvu/Kunta"
412,3.93,13,315764.26,1615804.6,14.609275,79.289588,"WaterBody,Tank/Cheruvu/Kunta"
412,3.93,14,315746.38,1615732.88,14.608626,79.289427,"WaterBody,Tank/Cheruvu/Kunta"
411,13.963,1,315453.1,1615561.26,14.607055,79.286717,"WaterBody,Tank/Cheruvu/Kunta"
411,13.963,2,315447.02,1615564.04,14.60708,79.286661,"WaterBody,Tank/Cheruvu/Kunta"
411,13.963,3,315462.34,1615621.58,14.607601,79.286799,"WaterBody,Tank/Cheruvu/Kunta"
411,13.963,4,315449.19,1615642.26,14.607787,79.286675,"WaterBody,Tank/Cheruvu/Kunta"
411,13.963,5,315453.06,1615706,14.608363,79.286707,"WaterBody,Tank/Cheruvu/Kunta"
411,13.963,6,315452.11,1615751.39,14.608773,79.286695,"WaterBody,Tank/Cheruvu/Kunta"
411,13.963,7,315447.03,1615796.53,14.609181,79.286645,"WaterBody,Tank/Cheruvu/Kunta"
411,13.963,8,315445.93,1615834.93,14.609528,79.286632,"WaterBody,Tank/Cheruvu/Kunta"
411,13.963,9,315452.44,1615873.65,14.609878,79.286689,"WaterBody,Tank/Cheruvu/Kunta"
411,13.963,10,315462.73,1615889.62,14.610023,79.286784,"WaterBody,Tank/Cheruvu/Kunta"
411,13.963,11,315517.83,1615897.07,14.610094,79.287295,"WaterBody,Tank/Cheruvu/Kunta"
411,13.963,12,315534.13,1615932.32,14.610414,79.287443,"WaterBody,Tank/Cheruvu/Kunta"
411,13.963,13,315686.24,1615820.67,14.609415,79.288863,"WaterBody,Tank/Cheruvu/Kunta"
411,13.963,14,315633.12,1615661.85,14.607976,79.288381,"WaterBody,Tank/Cheruvu/Kunta"
411,13.963,15,315562.47,1615594.79,14.607365,79.28773,"WaterBody,Tank/Cheruvu/Kunta"
411,13.963,16,315496.07,1615624.34,14.607628,79.287112,"WaterBody,Tank/Cheruvu/Kunta"
411,13.963,17,315465.72,1615594.13,14.607353,79.286832,"WaterBody,Tank/Cheruvu/Kunta"
137,3.214,1,316418.8,1616653.88,14.616995,79.295604,"WaterBody,Vagu/Vanka/Yeru"
137,3.214,2,316412.18,1616739,14.617764,79.295536,"WaterBody,Vagu/Vanka/Yeru"
137,3.214,3,316428.11,1616746.75,14.617835,79.295684,"WaterBody,Vagu/Vanka/Yeru"
137,3.214,4,316440.24,1616750.19,14.617867,79.295796,"WaterBody,Vagu/Vanka/Yeru"
137,3.214,5,316459.35,1616755.61,14.617917,79.295973,"WaterBody,Vagu/Vanka/Yeru"
137,3.214,6,316480.22,1616761.52,14.617972,79.296166,"WaterBody,Vagu/Vanka/Yeru"
137,3.214,7,316503.92,1616768.24,14.618034,79.296386,"WaterBody,Vagu/Vanka/Yeru"
137,3.214,8,316563.65,1616785.17,14.618192,79.296939,"WaterBody,Vagu/Vanka/Yeru"
137,3.214,9,316565.32,1616773.24,14.618084,79.296955,"WaterBody,Vagu/Vanka/Yeru"
137,3.214,10,316539.34,1616685.32,14.617288,79.29672,"WaterBody,Vagu/Vanka/Yeru"
137,3.214,11,316503.47,1616675.46,14.617196,79.296388,"WaterBody,Vagu/Vanka/Yeru"
137,3.214,12,316462.94,1616658.2,14.617037,79.296013,"WaterBody,Vagu/Vanka/Yeru"
69,1.071,1,315992.64,1617078.99,14.620808,79.291619,"Road,National Highways"
69,1.071,2,316034.1,1617088.82,14.6209,79.292003,"Road,National Highways"
69,1.071,3,316040.11,1617067.67,14.620709,79.29206,"Road,National Highways"
69,1.071,4,316057.24,1617006.1,14.620154,79.292223,"Road,National Highways"
69,1.071,5,316061.9,1616996.68,14.620069,79.292267,"Road,National Highways"
69,1.071,6,316026.06,1616974.18,14.619863,79.291936,"Road,National Highways"
69,1.071,7,316014.42,1617004.96,14.620141,79.291826,"Road,National Highways"
69,1.071,8,316004.84,1617035.85,14.620419,79.291735,"Road,National Highways"
431,1.594,1,316026.06,1616974.18,14.619863,79.291936,"Road,National Highways"
431,1.594,2,316061.9,1616996.68,14.620069,79.292267,"Road,National Highways"
431,1.594,3,316073.57,1616958.82,14.619728,79.292378,"Road,National Highways"
431,1.594,4,316087.04,1616920.17,14.619379,79.292506,"Road,National Highways"
431,1.594,5,316097.56,1616891.53,14.619121,79.292606,"Road,National Highways"
431,1.594,6,316113.7,1616853.46,14.618778,79.292758,"Road,National Highways"
431,1.594,7,316135.95,1616800.97,14.618305,79.292968,"Road,National Highways"
431,1.594,8,316086.55,1616839.7,14.618652,79.292507,"Road,National Highways"
431,1.594,9,316064.8,1616878.22,14.618999,79.292302,"Road,National Highways"
431,1.594,10,316060.09,1616881.95,14.619032,79.292258,"Road,National Highways"
431,1.594,11,316040.71,1616935.14,14.619511,79.292075,"Road,National Highways"
431,1.594,12,316034.81,1616951.24,14.619656,79.292019,"Road,National Highways"
445,0.134,1,316655.66,1615491.95,14.60651,79.297883,"WaterBody,Canal"
445,0.134,2,316672.26,1615481.74,14.606419,79.298038,"WaterBody,Canal"
445,0.134,3,316645.64,1615459.76,14.606219,79.297792,"WaterBody,Canal"
445,0.134,4,316636.95,1615476.3,14.606368,79.29771,"WaterBody,Canal"
445,0.134,5,316637.04,1615476.37,14.606368,79.297711,"WaterBody,Canal"
455,0.215,1,316051.48,1615638.98,14.607798,79.292265,"WaterBody,Tank/Cheruvu/Kunta"
455,0.215,2,316014.4,1615635.9,14.607768,79.291921,"WaterBody,Tank/Cheruvu/Kunta"
455,0.215,3,316025.16,1615652.73,14.607921,79.29202,"WaterBody,Tank/Cheruvu/Kunta"
455,0.215,4,316031.55,1615671.11,14.608087,79.292078,"WaterBody,Tank/Cheruvu/Kunta"
455,0.215,5,316058.85,1615656.23,14.607954,79.292332,"WaterBody,Tank/Cheruvu/Kunta"
514,57.897,1,315000.49,1615408.92,14.605647,79.282527,Grazing Ground/Topu/Mandabailu etc.
514,57.897,2,315060.69,1615286.58,14.604546,79.283095,Grazing Ground/Topu/Mandabailu etc.
514,57.897,3,314640.49,1615391.4,14.605464,79.279188,Grazing Ground/Topu/Mandabailu etc.
514,57.897,4,314480.47,1615426.9,14.605774,79.2777,Grazing Ground/Topu/Mandabailu etc.
514,57.897,5,314216.42,1615479.91,14.606235,79.275246,Grazing Ground/Topu/Mandabailu etc.
514,57.897,6,314270.38,1615563.25,14.606992,79.275741,Grazing Ground/Topu/Mandabailu etc.
514,57.897,7,314398.86,1615649.67,14.607782,79.276927,Grazing Ground/Topu/Mandabailu etc.
514,57.897,8,314874.61,1615738.64,14.608619,79.281336,Grazing Ground/Topu/Mandabailu etc.
514,57.897,9,315074.96,1615756.59,14.608794,79.283194,Grazing Ground/Topu/Mandabailu etc.
514,57.897,10,315027.8,1615581.79,14.607211,79.282769,Grazing Ground/Topu/Mandabailu etc.
401,15.106,1,315415.07,1616140.42,14.612286,79.286324,Grazing Ground/Topu/Mandabailu etc.
401,15.106,2,315405.07,1616063.84,14.611594,79.286236,Grazing Ground/Topu/Mandabailu etc.
401,15.106,3,315390.75,1616022.83,14.611222,79.286106,Grazing Ground/Topu/Mandabailu etc.
401,15.106,4,315371.57,1615976.25,14.6108,79.285932,Grazing Ground/Topu/Mandabailu etc.
401,15.106,5,315381.22,1615931.43,14.610395,79.286024,Grazing Ground/Topu/Mandabailu etc.
401,15.106,6,315497.81,1615937.54,14.610459,79.287106,Grazing Ground/Topu/Mandabailu etc.
401,15.106,7,315462.73,1615889.62,14.610023,79.286784,Grazing Ground/Topu/Mandabailu etc.
401,15.106,8,315452.44,1615873.65,14.609878,79.286689,Grazing Ground/Topu/Mandabailu etc.
401,15.106,9,315421.97,1615823.63,14.609424,79.28641,Grazing Ground/Topu/Mandabailu etc.
401,15.106,10,315273.53,1615878.34,14.609908,79.285029,Grazing Ground/Topu/Mandabailu etc.
401,15.106,11,315267.32,1616030.08,14.611279,79.28496,Grazing Ground/Topu/Mandabailu etc.
401,15.106,12,315259.85,1616281,14.613546,79.284873,Grazing Ground/Topu/Mandabailu etc.
401,15.106,13,315260.74,1616281.04,14.613547,79.284882,Grazing Ground/Topu/Mandabailu etc.
401,15.106,14,315335.65,1616266.81,14.613423,79.285578,Grazing Ground/Topu/Mandabailu etc.
401,15.106,15,315411.28,1616254.73,14.613319,79.286281,Grazing Ground/Topu/Mandabailu etc.
401,15.106,16,315406.15,1616148.45,14.612358,79.286241,Grazing Ground/Topu/Mandabailu etc.
267,2.649,1,315776.45,1616401.81,14.614673,79.289659,"WaterBody,Canal"
267,2.649,2,315809.43,1616379.74,14.614476,79.289967,"WaterBody,Canal"
267,2.649,3,315852.19,1616351.13,14.614221,79.290366,"WaterBody,Canal"
267,2.649,4,315851.11,1616313.13,14.613877,79.290359,"WaterBody,Canal"
267,2.649,5,315844.26,1616294.34,14.613707,79.290296,"WaterBody,Canal"
267,2.649,6,315835.37,1616269.93,14.613486,79.290216,"WaterBody,Canal"
267,2.649,7,315830.46,1616251.74,14.613321,79.290171,"WaterBody,Canal"
267,2.649,8,315751.67,1616337.61,14.614092,79.289434,"WaterBody,Canal"
267,2.649,9,315688.17,1616374.27,14.614419,79.288842,"WaterBody,Canal"
250,0.719,1,316122.75,1615975.48,14.610844,79.292903,"Road,Puntha/Bandi Jada/Kalibata"
250,0.719,2,316089.24,1616000.76,14.61107,79.292591,"Road,Puntha/Bandi Jada/Kalibata"
250,0.719,3,316095.03,1616035.88,14.611388,79.292642,"Road,Puntha/Bandi Jada/Kalibata"
250,0.719,4,316146.64,1616036.61,14.611398,79.293121,"Road,Puntha/Bandi Jada/Kalibata"
250,0.719,5,316169.98,1616039.46,14.611425,79.293337,"Road,Puntha/Bandi Jada/Kalibata"
250,0.719,6,316160.56,1616026.7,14.61131,79.293251,"Road,Puntha/Bandi Jada/Kalibata"
494,1.311,1,316379.67,1615777.44,14.609072,79.295302,"WaterBody,Vagu/Vanka/Yeru"
494,1.311,2,316379.28,1615777.68,14.609074,79.295298,"WaterBody,Vagu/Vanka/Yeru"
494,1.311,3,316338.64,1615802.66,14.609297,79.294919,"WaterBody,Vagu/Vanka/Yeru"
494,1.311,4,316426.63,1615870.91,14.60992,79.295731,"WaterBody,Vagu/Vanka/Yeru"
494,1.311,5,316454,1615838.82,14.609631,79.295987,"WaterBody,Vagu/Vanka/Yeru"
494,1.311,6,316414.69,1615785.87,14.60915,79.295626,"WaterBody,Vagu/Vanka/Yeru"
384,3.108,1,316428.87,1615744.51,14.608777,79.295761,"WaterBody,Canal"
384,3.108,2,316522.53,1615684.37,14.60824,79.296634,"WaterBody,Canal"
384,3.108,3,316524.74,1615655.09,14.607976,79.296656,"WaterBody,Canal"
384,3.108,4,316525.5,1615647.42,14.607907,79.296664,"WaterBody,Canal"
384,3.108,5,316533,1615571.4,14.60722,79.296739,"WaterBody,Canal"
384,3.108,6,316381.37,1615676.97,14.608164,79.295324,"WaterBody,Canal"
365,2.686,1,316244.87,1615873.32,14.609929,79.294044,"WaterBody,Canal"
365,2.686,2,316338.64,1615802.66,14.609297,79.294919,"WaterBody,Canal"
365,2.686,3,316302.71,1615774.8,14.609043,79.294588,"WaterBody,Canal"
365,2.686,4,316252.3,1615766.41,14.608963,79.29412,"WaterBody,Canal"
365,2.686,5,316141.3,1615864.61,14.609843,79.293083,"WaterBody,Canal"
493,2.394,1,316122.75,1615975.48,14.610844,79.292903,"WaterBody,Canal"
493,2.394,2,316231.71,1615893.29,14.610109,79.29392,"WaterBody,Canal"
493,2.394,3,316244.87,1615873.32,14.609929,79.294044,"WaterBody,Canal"
493,2.394,4,316141.3,1615864.61,14.609843,79.293083,"WaterBody,Canal"
493,2.394,5,316121.76,1615870.48,14.609895,79.292901,"WaterBody,Canal"
493,2.394,6,316084.99,1615896.19,14.610125,79.292558,"WaterBody,Canal"
493,2.394,7,316098.06,1615942.04,14.61054,79.292677,"WaterBody,Canal"
371,0.515,1,316089.24,1616000.76,14.61107,79.292591,"WaterBody,Canal"
371,0.515,2,316122.75,1615975.48,14.610844,79.292903,"WaterBody,Canal"
371,0.515,3,316098.06,1615942.04,14.61054,79.292677,"WaterBody,Canal"
371,0.515,4,316084.99,1615896.19,14.610125,79.292558,"WaterBody,Canal"
371,0.515,5,316073.29,1615903.93,14.610194,79.292449,"WaterBody,Canal"
371,0.515,6,316075.71,1615918.57,14.610327,79.292471,"WaterBody,Canal"
269,2.573,1,315852.19,1616351.13,14.614221,79.290366,"WaterBody,Canal"
269,2.573,2,315865.46,1616334.36,14.61407,79.29049,"WaterBody,Canal"
269,2.573,3,315880.19,1616306.41,14.613818,79.290629,"WaterBody,Canal"
269,2.573,4,315891.82,1616284.34,14.61362,79.290738,"WaterBody,Canal"
269,2.573,5,315902.61,1616263.86,14.613435,79.29084,"WaterBody,Canal"
269,2.573,6,315904.27,1616260.72,14.613407,79.290856,"WaterBody,Canal"
269,2.573,7,315908.18,1616253.29,14.61334,79.290892,"WaterBody,Canal"
269,2.573,8,315939.72,1616193.44,14.612801,79.291189,"WaterBody,Canal"
269,2.573,9,315879.69,1616145.7,14.612366,79.290636,"WaterBody,Canal"
269,2.573,10,315830.46,1616251.74,14.613321,79.290171,"WaterBody,Canal"
269,2.573,11,315835.37,1616269.93,14.613486,79.290216,"WaterBody,Canal"
269,2.573,12,315844.26,1616294.34,14.613707,79.290296,"WaterBody,Canal"
269,2.573,13,315851.11,1616313.13,14.613877,79.290359,"WaterBody,Canal"
478,1.327,1,315879.69,1616145.7,14.612366,79.290636,"WaterBody,Canal"
478,1.327,2,315939.72,1616193.44,14.612801,79.291189,"WaterBody,Canal"
478,1.327,3,315973.31,1616129.7,14.612228,79.291506,"WaterBody,Canal"
478,1.327,4,315908.29,1616084.09,14.611811,79.290905,"WaterBody,Canal"
478,1.327,5,315892.5,1616118.11,14.612117,79.290756,"WaterBody,Canal"
256,1.402,1,315908.29,1616084.09,14.611811,79.290905,"WaterBody,Canal"
256,1.402,2,315973.31,1616129.7,14.612228,79.291506,"WaterBody,Canal"
256,1.402,3,315996.08,1616086.48,14.611839,79.29172,"WaterBody,Canal"
256,1.402,4,316004.6,1616081.42,14.611793,79.291799,"WaterBody,Canal"
256,1.402,5,315963.09,1616025.06,14.611281,79.291418,"WaterBody,Canal"
256,1.402,6,315926.01,1616033.59,14.611356,79.291073,"WaterBody,Canal"
256,1.402,7,315926.33,1616045.22,14.611461,79.291075,"WaterBody,Canal"
427,0.83,1,316338.64,1615802.66,14.609297,79.294919,"WaterBody,Canal"
427,0.83,2,316379.28,1615777.68,14.609074,79.295298,"WaterBody,Canal"
427,0.83,3,316326.24,1615763.13,14.608939,79.294807,"WaterBody,Canal"
427,0.83,4,316310.81,1615724.02,14.608584,79.294666,"WaterBody,Canal"
427,0.83,5,316287.86,1615740.65,14.608733,79.294452,"WaterBody,Canal"
427,0.83,6,316252.3,1615766.41,14.608963,79.29412,"WaterBody,Canal"
427,0.83,7,316302.71,1615774.8,14.609043,79.294588,"WaterBody,Canal"
470,1.695,1,316522.53,1615684.37,14.60824,79.296634,"WaterBody,Canal"
470,1.695,2,316607.99,1615628.38,14.60774,79.297431,"WaterBody,Canal"
470,1.695,3,316605.1,1615609.5,14.607569,79.297405,"WaterBody,Canal"
470,1.695,4,316598.83,1615578.83,14.607292,79.297349,"WaterBody,Canal"
470,1.695,5,316588.11,1615573.74,14.607245,79.29725,"WaterBody,Canal"
470,1.695,6,316568.05,1615563.05,14.607147,79.297065,"WaterBody,Canal"
470,1.695,7,316565.78,1615547.25,14.607004,79.297045,"WaterBody,Canal"
470,1.695,8,316541.47,1615565.16,14.607164,79.296818,"WaterBody,Canal"
470,1.695,9,316533,1615571.4,14.60722,79.296739,"WaterBody,Canal"
470,1.695,10,316525.5,1615647.42,14.607907,79.296664,"WaterBody,Canal"
470,1.695,11,316524.74,1615655.09,14.607976,79.296656,"WaterBody,Canal"
469,1.7,1,316379.28,1615777.68,14.609074,79.295298,"WaterBody,Canal"
469,1.7,2,316379.67,1615777.44,14.609072,79.295302,"WaterBody,Canal"
469,1.7,3,316407.36,1615758.33,14.608901,79.29556,"WaterBody,Canal"
469,1.7,4,316428.87,1615744.51,14.608777,79.295761,"WaterBody,Canal"
469,1.7,5,316381.37,1615676.97,14.608164,79.295324,"WaterBody,Canal"
469,1.7,6,316310.81,1615724.02,14.608584,79.294666,"WaterBody,Canal"
469,1.7,7,316326.24,1615763.13,14.608939,79.294807,"WaterBody,Canal"
471,2.178,1,316655.66,1615491.95,14.60651,79.297883,"WaterBody,Canal"
471,2.178,2,316617.27,1615515.57,14.606721,79.297525,"WaterBody,Canal"
471,2.178,3,316565.78,1615547.25,14.607004,79.297045,"WaterBody,Canal"
471,2.178,4,316568.05,1615563.05,14.607147,79.297065,"WaterBody,Canal"
471,2.178,5,316588.11,1615573.74,14.607245,79.29725,"WaterBody,Canal"
471,2.178,6,316598.83,1615578.83,14.607292,79.297349,"WaterBody,Canal"
471,2.178,7,316605.1,1615609.5,14.607569,79.297405,"WaterBody,Canal"
471,2.178,8,316607.99,1615628.38,14.60774,79.297431,"WaterBody,Canal"
471,2.178,9,316639.89,1615608.2,14.60756,79.297728,"WaterBody,Canal"
471,2.178,10,316659.88,1615595.56,14.607447,79.297915,"WaterBody,Canal"
471,2.178,11,316692.67,1615574.83,14.607262,79.298221,"WaterBody,Canal"
471,2.178,12,316694.57,1615545.26,14.606995,79.29824,"WaterBody,Canal"
471,2.178,13,316679.6,1615537.48,14.606923,79.298102,"WaterBody,Canal"
471,2.178,14,316654.15,1615524.25,14.606802,79.297867,"WaterBody,Canal"
472,1.034,1,316519.74,1615721.36,14.608574,79.296605,"WaterBody,Canal"
472,1.034,2,316584.19,1615702.38,14.608407,79.297205,"WaterBody,Canal"
472,1.034,3,316613.69,1615655.25,14.607983,79.297482,"WaterBody,Canal"
472,1.034,4,316609.33,1615637.15,14.607819,79.297443,"WaterBody,Canal"
472,1.034,5,316607.99,1615628.38,14.60774,79.297431,"WaterBody,Canal"
472,1.034,6,316522.53,1615684.37,14.60824,79.296634,"WaterBody,Canal"
473,0.912,1,316672.26,1615481.74,14.606419,79.298038,"WaterBody,Canal"
473,0.912,2,316655.66,1615491.95,14.60651,79.297883,"WaterBody,Canal"
473,0.912,3,316654.15,1615524.25,14.606802,79.297867,"WaterBody,Canal"
473,0.912,4,316679.6,1615537.48,14.606923,79.298102,"WaterBody,Canal"
473,0.912,5,316694.57,1615545.26,14.606995,79.29824,"WaterBody,Canal"
473,0.912,6,316692.67,1615574.83,14.607262,79.298221,"WaterBody,Canal"
473,0.912,7,316744.96,1615541.76,14.606966,79.298708,"WaterBody,Canal"
473,0.912,8,316698.87,1615503.7,14.606619,79.298283,"WaterBody,Canal"
492,3.275,1,315926.01,1616033.59,14.611356,79.291073,"WaterBody,Canal"
492,3.275,2,315963.09,1616025.06,14.611281,79.291418,"WaterBody,Canal"
492,3.275,3,316004.6,1616081.42,14.611793,79.291799,"WaterBody,Canal"
492,3.275,4,316015.85,1616068.72,14.611679,79.291905,"WaterBody,Canal"
492,3.275,5,316037.47,1616044.31,14.61146,79.292107,"WaterBody,Canal"
492,3.275,6,316089.24,1616000.76,14.61107,79.292591,"WaterBody,Canal"
492,3.275,7,316075.71,1615918.57,14.610327,79.292471,"WaterBody,Canal"
492,3.275,8,316073.29,1615903.93,14.610194,79.292449,"WaterBody,Canal"
492,3.275,9,316047.19,1615921.94,14.610355,79.292206,"WaterBody,Canal"
492,3.275,10,315991.66,1615960.26,14.610698,79.291688,"WaterBody,Canal"
492,3.275,11,315956.38,1615993.06,14.610992,79.291358,"WaterBody,Canal"
357,0.323,1,316885.38,1615736.28,14.608734,79.299998,"Road,Puntha/Bandi Jada/Kalibata"
357,0.323,2,316895.78,1615755.47,14.608908,79.300093,"Road,Puntha/Bandi Jada/Kalibata"
357,0.323,3,316914.86,1615743.13,14.608798,79.300271,"Road,Puntha/Bandi Jada/Kalibata"
357,0.323,4,316931.5,1615732.6,14.608704,79.300426,"Road,Puntha/Bandi Jada/Kalibata"
357,0.323,5,316960.01,1615716.18,14.608557,79.300692,"Road,Puntha/Bandi Jada/Kalibata"
357,0.323,6,316942.84,1615714,14.608537,79.300533,"Road,Puntha/Bandi Jada/Kalibata"
357,0.323,7,316935.65,1615707.53,14.608477,79.300466,"Road,Puntha/Bandi Jada/Kalibata"
372,0.857,1,316847.69,1615701.4,14.608416,79.299651,"Road,National Highways"
372,0.857,2,316859.28,1615751.21,14.608867,79.299755,"Road,National Highways"
372,0.857,3,316885.38,1615736.28,14.608734,79.299998,"Road,National Highways"
372,0.857,4,316935.65,1615707.53,14.608477,79.300466,"Road,National Highways"
372,0.857,5,316899.55,1615675.17,14.608183,79.300134,"Road,National Highways"
372,0.857,6,316899.54,1615675.18,14.608183,79.300134,"Road,National Highways"
512,2.345,1,315389.03,1615524.02,14.606714,79.286125,Grazing Ground/Topu/Mandabailu etc.
512,2.345,2,315297.47,1615562.47,14.607055,79.285273,Grazing Ground/Topu/Mandabailu etc.
512,2.345,3,315370.47,1615682.89,14.608149,79.285942,Grazing Ground/Topu/Mandabailu etc.
512,2.345,4,315421.97,1615823.63,14.609424,79.28641,Grazing Ground/Topu/Mandabailu etc.
512,2.345,5,315433.85,1615724.01,14.608524,79.286527,Grazing Ground/Topu/Mandabailu etc.
512,2.345,6,315422.2,1615664.04,14.607982,79.286423,Grazing Ground/Topu/Mandabailu etc.
512,2.345,7,315380.6,1615662.96,14.607969,79.286037,Grazing Ground/Topu/Mandabailu etc.
512,2.345,8,315333.07,1615608.95,14.607478,79.2856,Grazing Ground/Topu/Mandabailu etc.
410,34.398,1,314874.61,1615738.64,14.608619,79.281336,Grazing Ground/Topu/Mandabailu etc.
410,34.398,2,314398.86,1615649.67,14.607782,79.276927,Grazing Ground/Topu/Mandabailu etc.
410,34.398,3,314511.81,1615917.81,14.610213,79.277956,Grazing Ground/Topu/Mandabailu etc.
410,34.398,4,314679.73,1616023.53,14.61118,79.279507,Grazing Ground/Topu/Mandabailu etc.
410,34.398,5,314923.1,1616151.26,14.612351,79.281757,Grazing Ground/Topu/Mandabailu etc.
410,34.398,6,314896.19,1615958.86,14.61061,79.281521,Grazing Ground/Topu/Mandabailu etc.
515,31.629,1,315361.21,1615211.79,14.60389,79.285889,Grazing Ground/Topu/Mandabailu etc.
515,31.629,2,315192.29,1615011.84,14.602072,79.284335,Grazing Ground/Topu/Mandabailu etc.
515,31.629,3,315060.69,1615286.58,14.604546,79.283095,Grazing Ground/Topu/Mandabailu etc.
515,31.629,4,315000.49,1615408.92,14.605647,79.282527,Grazing Ground/Topu/Mandabailu etc.
515,31.629,5,315260.92,1615385.16,14.60545,79.284946,Grazing Ground/Topu/Mandabailu etc.
515,31.629,6,315297.47,1615562.47,14.607055,79.285273,Grazing Ground/Topu/Mandabailu etc.
515,31.629,7,315389.03,1615524.02,14.606714,79.286125,Grazing Ground/Topu/Mandabailu etc.
515,31.629,8,315442.85,1615533.18,14.6068,79.286624,Grazing Ground/Topu/Mandabailu etc.
515,31.629,9,315453.1,1615561.26,14.607055,79.286717,Grazing Ground/Topu/Mandabailu etc.
515,31.629,10,315493.55,1615542.95,14.606892,79.287094,Grazing Ground/Topu/Mandabailu etc.
515,31.629,11,315549.58,1615551.82,14.606976,79.287613,Grazing Ground/Topu/Mandabailu etc.
515,31.629,12,315605.5,1615573.68,14.607178,79.288131,Grazing Ground/Topu/Mandabailu etc.
515,31.629,13,315559.28,1615500.34,14.606512,79.287707,Grazing Ground/Topu/Mandabailu etc.
515,31.629,14,315492.52,1615449.97,14.606052,79.287091,Grazing Ground/Topu/Mandabailu etc.
515,31.629,15,315458.62,1615381.56,14.605431,79.286781,Grazing Ground/Topu/Mandabailu etc.
515,31.629,16,315397.42,1615296.8,14.604661,79.286219,Grazing Ground/Topu/Mandabailu etc.
515,31.629,17,315373.72,1615292.56,14.604621,79.285999,Grazing Ground/Topu/Mandabailu etc.
513,19.529,1,315192.29,1615011.84,14.602072,79.284335,Grazing Ground/Topu/Mandabailu etc.
513,19.529,2,315361.21,1615211.79,14.60389,79.285889,Grazing Ground/Topu/Mandabailu etc.
513,19.529,3,315460.26,1615213.2,14.60391,79.286808,Grazing Ground/Topu/Mandabailu etc.
513,19.529,4,315592.82,1615263.75,14.604376,79.288035,Grazing Ground/Topu/Mandabailu etc.
513,19.529,5,315529.69,1615049,14.602431,79.287464,Grazing Ground/Topu/Mandabailu etc.
513,19.529,6,315266.78,1614856.33,14.600672,79.285038,Grazing Ground/Topu/Mandabailu etc.
516,0.247,1,316574.28,1616807.69,14.618396,79.297036,"WaterBody,Canal"
516,0.247,2,316582.64,1616827.05,14.618571,79.297112,"WaterBody,Canal"
516,0.247,3,316625.36,1616810.29,14.618423,79.29751,"WaterBody,Canal"
516,0.247,4,316645.81,1616813.42,14.618452,79.297699,"WaterBody,Canal"
516,0.247,5,316698.9,1616801.8,14.618351,79.298193,"WaterBody,Canal"
